年龄,收入,孩子数量,家庭人口数,在现住址时间,在现工作时间,住房种类,国籍,信用卡类型,是否违约
46,0,0,2,15,33,租住,德国,支票账户,0
34,3200,4,6,144,54,自有,土耳其,无信用卡,1
31,3300,3,5,108,120,租住,土耳其,无信用卡,1
39,1500,0,1,192,6,租住,德国,无信用卡,1
32,0,3,5,48,108,租住,德国,支票账户,0
23,0,0,1,192,60,租住,德国,支票账户,1
42,1900,0,2,144,30,租住,德国,无信用卡,0
35,0,2,4,54,168,租住,德国,支票账户,0
26,1700,1,3,288,33,租住,德国,支票账户,1
24,3400,1,2,18,30,租住,德国,无信用卡,1
20,0,0,1,240,9,租住,德国,支票账户,0
44,0,1,2,108,42,租住,德国,支票账户,0
23,1900,0,1,36,12,租住,德国,无信用卡,1
44,0,1,3,66,66,租住,德国,支票账户,1
36,3500,6,8,30,12,租住,德国,无信用卡,0
25,3400,1,3,312,15,缺失,德国,支票账户,1
54,1700,0,1,9,108,缺失,德国,无信用卡,0
29,2300,0,1,21,144,租住,德国,无信用卡,1
39,3000,2,4,108,30,租住,德国,无信用卡,1
38,0,2,4,60,48,租住,德国,支票账户,0
35,0,0,2,72,18,租住,德国,支票账户,0
20,2700,0,1,240,9,租住,德国,无信用卡,1
24,0,0,1,84,24,租住,德国,支票账户,0
24,1900,0,2,30,27,自有,德国,无信用卡,0
46,1500,0,1,144,30,租住,德国,无信用卡,1
39,0,5,7,108,54,租住,德国,支票账户,1
35,0,4,5,60,12,租住,德国,支票账户,0
30,3000,0,2,42,168,租住,德国,无信用卡,1
30,0,2,4,96,21,租住,德国,支票账户,0
25,0,1,3,30,30,租住,德国,支票账户,0
22,1800,0,1,264,66,租住,德国,无信用卡,1
55,3300,1,3,48,48,租住,德国,无信用卡,1
22,1600,1,2,96,48,租住,德国,无信用卡,1
38,3400,2,3,168,27,租住,德国,无信用卡,1
30,0,1,3,54,168,租住,德国,支票账户,0
24,2600,0,1,288,18,租住,德国,无信用卡,0
66,0,0,1,264,66,租住,德国,支票账户,0
51,0,0,2,216,60,租住,德国,支票账户,0
46,0,0,2,240,240,租住,德国,支票账户,0
38,2100,0,2,999,30,租住,德国,无信用卡,1
38,0,1,3,84,30,租住,德国,欧洲Master卡,0
24,2000,0,1,6,42,租住,德国,无信用卡,1
41,0,2,3,18,33,租住,德国,支票账户,1
41,0,2,4,120,240,租住,德国,欧洲Master卡,0
28,1500,1,3,3,6,租住,德国,无信用卡,0
36,0,2,3,21,216,租住,德国,支票账户,0
33,0,1,3,999,36,租住,德国,支票账户,0
21,2100,0,1,264,9,租住,德国,无信用卡,1
20,2600,0,1,264,6,租住,德国,无信用卡,0
19,1000,0,1,240,9,租住,德国,无信用卡,1
26,0,2,4,72,24,租住,德国,支票账户,1
57,0,0,2,999,15,缺失,德国,支票账户,0
37,0,2,4,192,60,租住,德国,支票账户,0
36,2200,1,3,96,6,租住,德国,无信用卡,0
22,0,0,1,48,9,租住,德国,支票账户,1
56,1900,1,3,264,60,租住,德国,无信用卡,0
47,3300,1,3,288,288,租住,德国,无信用卡,0
41,0,2,4,12,30,租住,德国,支票账户,1
40,0,1,2,120,45,租住,德国,支票账户,0
32,0,2,4,66,216,租住,德国,支票账户,0
30,1500,2,4,18,192,租住,德国,无信用卡,0
56,0,0,2,288,6,缺失,德国,支票账户,0
46,0,0,2,6,96,租住,德国,支票账户,0
43,2500,1,2,42,144,租住,德国,无信用卡,1
29,1800,1,3,54,54,租住,德国,无信用卡,1
36,1800,1,2,30,15,租住,德国,无信用卡,0
31,1800,0,2,48,24,租住,德国,无信用卡,0
28,2600,0,1,96,36,缺失,德国,无信用卡,1
27,0,0,1,240,96,租住,德国,支票账户,0
44,2000,0,2,108,6,缺失,德国,无信用卡,1
29,1700,1,2,96,168,租住,德国,无信用卡,1
54,0,0,2,108,108,缺失,德国,支票账户,0
29,2400,2,3,30,144,租住,德国,无信用卡,1
65,0,0,1,192,60,租住,德国,支票账户,0
28,2300,0,1,240,9,租住,德国,无信用卡,0
34,2100,1,2,168,42,租住,德国,无信用卡,1
24,1700,0,1,288,96,租住,德国,无信用卡,1
40,0,3,5,18,54,租住,德国,支票账户,0
40,1500,2,4,48,12,租住,德国,无信用卡,0
28,0,0,2,42,18,租住,德国,支票账户,0
25,0,0,1,240,60,租住,德国,支票账户,1
35,0,1,3,36,168,租住,德国,支票账户,0
43,0,2,4,144,9,租住,德国,支票账户,0
40,0,1,2,240,60,租住,德国,支票账户,0
46,2300,0,1,60,336,租住,德国,支票账户,0
70,1000,0,1,288,144,租住,德国,无信用卡,0
41,0,1,3,108,21,租住,德国,支票账户,0
35,0,2,4,168,15,租住,德国,支票账户,1
32,0,0,2,12,144,租住,德国,支票账户,0
52,3000,1,3,192,240,自有,德国,无信用卡,0
37,2200,2,4,96,96,缺失,德国,支票账户,0
34,2800,3,5,168,30,缺失,德国,支票账户,0
31,1000,0,2,9,12,租住,德国,无信用卡,1
22,0,0,1,264,15,租住,德国,支票账户,0
63,1600,0,1,264,27,租住,德国,无信用卡,0
40,10000,2,4,48,3,租住,德国,支票账户,0
35,2700,2,4,999,54,缺失,德国,支票账户,0
29,0,3,5,60,30,缺失,德国,支票账户,0
49,0,2,4,144,336,租住,德国,支票账户,0
37,1500,2,3,96,168,租住,德国,无信用卡,1
32,3000,1,3,48,96,租住,德国,无信用卡,0
26,2200,1,2,42,108,缺失,德国,无信用卡,1
55,1500,0,1,264,15,租住,德国,无信用卡,0
42,2900,1,3,192,108,租住,德国,无信用卡,0
40,2600,2,4,192,192,租住,德国,无信用卡,0
20,1500,1,2,168,54,租住,德国,无信用卡,1
31,1800,0,1,48,60,租住,德国,无信用卡,1
24,0,0,1,168,9,租住,德国,支票账户,1
57,0,0,1,168,48,租住,德国,欧洲Master卡,0
31,0,2,4,9,36,租住,德国,支票账户,0
34,0,2,4,84,45,租住,德国,支票账户,0
50,0,0,2,999,336,租住,德国,支票账户,0
68,0,0,2,168,108,租住,德国,支票账户,1
22,0,0,1,264,15,租住,德国,支票账户,1
58,0,0,2,240,36,租住,德国,支票账户,0
33,0,2,4,192,24,缺失,德国,支票账户,0
26,0,0,1,312,36,租住,德国,支票账户,1
51,0,0,2,66,66,缺失,德国,支票账户,0
39,2000,3,4,120,33,租住,德国,无信用卡,0
57,1500,0,1,168,18,租住,德国,无信用卡,1
21,2700,0,1,168,9,租住,德国,无信用卡,1
43,0,1,3,216,36,租住,德国,支票账户,0
35,4000,2,3,36,45,租住,德国,无信用卡,0
42,0,4,6,144,60,租住,德国,支票账户,1
58,1500,0,2,144,24,租住,德国,无信用卡,1
44,2900,2,4,96,108,租住,德国,无信用卡,0
23,2100,0,1,288,21,租住,德国,无信用卡,1
66,0,0,1,48,72,租住,德国,欧洲Master卡,1
64,0,0,1,264,42,租住,德国,支票账户,0
22,2000,0,1,48,24,租住,德国,无信用卡,1
46,0,0,2,168,21,租住,德国,支票账户,0
31,0,1,3,3,192,租住,德国,支票账户,0
28,0,2,4,9,9,租住,德国,支票账户,1
41,2900,1,3,144,54,租住,德国,无信用卡,0
30,0,2,4,84,168,租住,德国,支票账户,1
34,0,2,4,144,39,租住,德国,支票账户,0
30,0,0,1,144,15,租住,德国,支票账户,0
29,5000,1,2,36,48,租住,德国,无信用卡,0
26,0,0,1,42,21,租住,德国,支票账户,0
20,1500,0,1,168,12,租住,德国,无信用卡,1
68,0,0,1,144,33,租住,德国,支票账户,1
58,0,0,2,216,48,租住,德国,支票账户,0
45,0,1,3,192,9,租住,德国,支票账户,0
22,1000,0,1,264,33,租住,德国,无信用卡,1
59,1500,0,2,360,12,租住,德国,无信用卡,0
22,1500,0,1,168,15,租住,德国,无信用卡,1
21,1600,0,1,216,15,租住,德国,无信用卡,1
54,0,0,1,999,999,租住,德国,支票账户,0
27,0,1,3,18,30,租住,德国,支票账户,1
35,0,2,4,96,120,租住,德国,支票账户,0
30,2300,0,2,30,144,租住,德国,无信用卡,1
37,2600,1,3,96,84,缺失,德国,支票账户,0
36,0,1,3,192,33,租住,德国,支票账户,1
23,1700,0,1,42,12,租住,德国,无信用卡,1
48,0,6,8,192,30,租住,德国,支票账户,0
33,1700,3,5,12,24,租住,德国,无信用卡,1
47,0,1,3,288,288,租住,德国,支票账户,0
31,0,2,4,36,168,租住,德国,支票账户,0
39,1500,3,4,168,15,缺失,德国,无信用卡,1
34,2100,2,4,168,216,租住,德国,无信用卡,0
49,1500,0,2,96,12,租住,德国,无信用卡,1
37,1800,1,2,999,42,自有,德国,无信用卡,1
38,0,2,3,24,36,租住,德国,支票账户,0
56,1500,0,1,60,36,租住,德国,无信用卡,1
39,0,2,4,3,288,租住,德国,支票账户,1
37,0,2,4,108,3,租住,德国,支票账户,0
33,2700,0,1,84,96,租住,德国,无信用卡,1
21,1000,0,1,264,30,租住,德国,无信用卡,0
64,0,0,1,999,48,租住,德国,支票账户,1
39,0,2,4,48,21,租住,德国,支票账户,0
38,2300,2,4,144,15,缺失,德国,支票账户,0
26,1500,1,2,36,60,租住,德国,无信用卡,1
55,0,0,1,192,12,租住,德国,支票账户,1
49,1700,0,2,288,39,租住,德国,无信用卡,0
37,0,1,3,30,18,租住,德国,支票账户,0
28,2000,1,2,336,12,租住,德国,无信用卡,0
25,2500,1,2,192,48,租住,德国,无信用卡,1
28,0,2,4,108,21,租住,德国,支票账户,0
46,0,0,1,120,36,租住,德国,支票账户,0
46,2000,2,4,240,15,自有,德国,无信用卡,1
50,2300,0,1,72,999,租住,德国,无信用卡,0
35,0,1,3,84,12,租住,德国,支票账户,0
28,0,1,3,54,39,缺失,德国,支票账户,1
53,2100,0,1,144,168,自有,德国,无信用卡,0
22,0,0,1,288,18,租住,德国,支票账户,1
46,0,0,2,120,36,租住,德国,支票账户,0
19,1000,0,1,240,24,缺失,德国,无信用卡,1
38,2000,2,4,144,240,租住,德国,支票账户,1
23,0,0,1,240,6,租住,德国,支票账户,1
25,0,1,3,60,36,缺失,德国,支票账户,0
32,2200,1,3,54,3,租住,德国,无信用卡,0
29,2400,1,3,9,12,租住,德国,无信用卡,1
29,2200,2,4,36,18,租住,德国,无信用卡,1
28,2700,0,1,21,15,租住,德国,无信用卡,1
54,0,0,2,288,999,租住,德国,支票账户,0
30,0,2,4,3,18,租住,德国,支票账户,1
27,1800,0,1,216,18,租住,德国,无信用卡,0
21,1900,0,1,30,39,租住,德国,无信用卡,1
31,0,0,1,999,54,租住,德国,支票账户,1
37,0,0,2,3,72,租住,德国,支票账户,0
32,0,2,4,48,33,租住,德国,支票账户,1
26,0,1,2,30,84,缺失,德国,支票账户,0
42,2500,2,3,42,15,租住,德国,无信用卡,1
22,0,0,1,60,9,租住,德国,支票账户,0
37,0,2,4,6,9,租住,德国,支票账户,0
25,0,0,1,30,84,租住,德国,支票账户,1
66,0,0,2,3,42,租住,德国,支票账户,0
28,0,1,2,9,96,租住,德国,欧洲Master卡,0
25,2000,0,1,36,6,租住,德国,无信用卡,1
56,0,0,2,192,15,租住,德国,支票账户,0
40,1000,1,3,168,33,租住,德国,无信用卡,0
39,0,1,3,192,24,租住,德国,支票账户,1
37,0,2,4,999,192,租住,德国,支票账户,1
64,0,0,1,96,42,租住,德国,支票账户,0
31,0,1,3,72,15,缺失,德国,支票账户,1
48,10000,2,4,168,192,租住,德国,无信用卡,0
28,2500,1,3,3,42,缺失,德国,支票账户,0
60,0,0,2,144,39,租住,德国,支票账户,0
50,0,1,3,192,192,租住,德国,支票账户,1
34,2500,2,4,12,18,租住,德国,无信用卡,0
26,2200,1,2,288,60,租住,德国,无信用卡,0
39,0,0,2,84,84,租住,德国,支票账户,1
47,0,0,2,144,336,租住,德国,支票账户,0
46,2300,1,3,96,9,租住,德国,无信用卡,0
38,3000,2,4,84,96,租住,德国,无信用卡,0
34,0,2,4,144,192,租住,德国,欧洲Master卡,0
66,0,0,2,144,3,租住,德国,支票账户,0
58,0,0,2,72,36,租住,德国,支票账户,0
41,2700,0,1,120,120,租住,德国,无信用卡,1
32,1600,1,2,84,168,租住,德国,无信用卡,1
55,2100,1,2,240,999,租住,德国,无信用卡,0
32,0,1,3,96,33,租住,德国,支票账户,1
22,2600,0,1,264,27,租住,德国,无信用卡,1
66,2400,0,2,168,12,租住,德国,支票账户,0
44,0,2,4,216,42,租住,德国,支票账户,0
41,0,2,3,216,84,租住,德国,支票账户,0
23,0,3,5,288,33,租住,德国,支票账户,1
36,0,0,1,144,27,租住,德国,支票账户,1
35,2500,3,5,192,168,自有,德国,无信用卡,0
20,0,0,1,60,33,租住,德国,支票账户,1
45,0,0,2,312,288,租住,德国,支票账户,0
39,0,0,1,216,288,租住,德国,支票账户,1
33,10000,1,2,96,27,租住,德国,无信用卡,1
28,1500,1,3,42,39,租住,德国,无信用卡,1
34,3100,3,5,168,39,自有,德国,无信用卡,0
23,2000,0,1,24,36,缺失,德国,无信用卡,1
36,2700,1,3,96,192,租住,德国,无信用卡,0
34,0,2,4,168,33,租住,德国,支票账户,1
34,0,2,3,144,33,租住,德国,支票账户,1
31,0,0,1,999,33,租住,德国,支票账户,0
60,0,0,2,168,45,租住,德国,欧洲Master卡,0
41,2100,2,4,108,84,租住,德国,无信用卡,1
41,2900,2,4,36,144,缺失,德国,无信用卡,1
65,0,0,1,360,60,租住,德国,支票账户,0
47,1500,0,1,30,39,租住,德国,无信用卡,1
41,0,1,3,168,36,租住,德国,支票账户,0
33,0,2,4,999,24,租住,德国,支票账户,1
31,2400,0,1,96,30,租住,德国,无信用卡,1
21,1500,0,1,168,9,租住,德国,无信用卡,1
44,0,1,3,288,12,租住,德国,支票账户,0
25,0,0,2,12,36,租住,德国,欧洲Master卡,0
59,0,0,1,120,24,租住,德国,支票账户,0
28,0,1,3,21,36,租住,德国,支票账户,1
18,1000,0,1,216,30,租住,德国,无信用卡,1
46,5000,0,2,999,999,租住,德国,无信用卡,0
23,2000,1,2,18,30,租住,德国,无信用卡,1
49,0,0,1,168,336,缺失,德国,支票账户,0
37,0,2,4,54,21,租住,德国,支票账户,1
20,1000,0,1,240,27,租住,德国,无信用卡,1
25,0,0,1,36,96,租住,德国,支票账户,0
29,0,1,2,36,36,租住,德国,支票账户,0
39,0,3,5,999,9,租住,德国,支票账户,1
28,0,0,2,42,39,租住,德国,支票账户,0
38,0,1,3,24,12,租住,德国,支票账户,0
24,2000,0,1,96,48,租住,德国,无信用卡,0
43,2600,1,3,168,33,租住,德国,无信用卡,1
39,0,2,4,264,240,租住,德国,支票账户,0
39,1700,2,4,60,120,租住,德国,支票账户,0
62,0,0,2,288,33,租住,德国,支票账户,0
56,0,0,2,999,33,租住,德国,支票账户,0
32,0,3,4,54,66,租住,德国,支票账户,1
56,4000,0,2,96,999,租住,德国,无信用卡,0
40,0,1,2,36,15,租住,德国,支票账户,0
24,0,0,2,15,12,租住,德国,支票账户,1
22,0,0,1,264,6,租住,德国,支票账户,1
26,0,1,3,3,120,租住,德国,支票账户,0
42,3000,3,4,96,288,租住,德国,无信用卡,0
30,0,0,2,48,60,租住,德国,欧洲Master卡,1
24,2500,0,1,168,12,租住,德国,无信用卡,1
56,0,0,2,264,36,租住,德国,支票账户,0
46,0,1,3,240,12,租住,德国,支票账户,0
46,0,0,2,168,60,租住,德国,支票账户,0
39,0,0,2,24,48,租住,德国,支票账户,1
36,3000,2,4,108,192,租住,德国,无信用卡,0
44,0,1,3,999,60,租住,德国,支票账户,0
38,0,3,5,96,6,租住,德国,支票账户,0
32,1800,0,1,192,192,租住,德国,无信用卡,1
32,1800,0,1,192,192,租住,德国,无信用卡,1
60,1500,0,1,240,48,租住,德国,无信用卡,0
59,0,0,1,999,33,租住,德国,支票账户,0
24,5000,0,1,48,9,租住,德国,无信用卡,1
49,1000,0,2,96,24,租住,德国,无信用卡,1
51,0,0,2,192,336,租住,德国,支票账户,0
40,1800,0,1,999,21,租住,德国,无信用卡,1
37,3000,2,4,15,33,缺失,德国,无信用卡,1
21,1500,0,1,264,18,租住,德国,无信用卡,0
48,2300,2,4,999,144,自有,德国,无信用卡,1
41,1900,1,2,120,9,租住,德国,无信用卡,1
25,2500,0,2,36,108,租住,德国,支票账户,0
40,2600,0,1,144,288,租住,德国,无信用卡,1
24,0,0,2,15,24,租住,德国,支票账户,1
21,1500,0,1,66,12,租住,德国,无信用卡,1
38,0,2,4,84,72,租住,德国,支票账户,0
32,4000,2,4,96,39,租住,德国,无信用卡,1
22,0,1,2,48,9,租住,德国,支票账户,1
41,1500,0,2,15,120,租住,德国,无信用卡,1
39,0,0,1,21,144,租住,德国,支票账户,0
28,0,0,2,9,48,租住,德国,支票账户,0
63,1500,0,2,999,6,自有,德国,无信用卡,1
34,2500,1,3,24,18,租住,德国,无信用卡,0
36,0,1,2,54,27,租住,德国,支票账户,0
26,0,2,4,3,45,租住,德国,支票账户,1
36,0,3,5,120,144,租住,德国,支票账户,0
60,0,0,2,999,48,租住,德国,支票账户,1
29,0,1,2,21,120,租住,德国,支票账户,1
25,2200,0,1,144,9,租住,德国,无信用卡,0
22,2000,0,1,108,6,租住,德国,无信用卡,1
49,0,2,4,12,15,租住,德国,支票账户,0
46,1600,1,3,144,12,租住,德国,无信用卡,0
23,0,0,1,12,30,缺失,德国,支票账户,1
23,2000,0,1,12,30,租住,德国,支票账户,1
19,1800,0,1,168,48,租住,德国,无信用卡,1
51,0,0,2,30,42,租住,德国,支票账户,0
50,1900,0,2,216,36,租住,德国,无信用卡,0
25,0,1,3,120,12,租住,德国,支票账户,1
57,0,0,2,96,24,租住,德国,支票账户,0
45,0,0,1,192,336,租住,德国,支票账户,0
42,0,1,3,9,30,缺失,德国,支票账户,0
41,2000,1,3,216,288,缺失,德国,无信用卡,1
22,0,0,1,144,36,租住,德国,支票账户,1
43,0,1,3,120,144,租住,德国,支票账户,0
31,0,3,5,66,9,租住,德国,支票账户,0
19,0,0,1,168,30,租住,德国,支票账户,1
24,0,3,4,18,84,租住,德国,支票账户,1
20,1000,0,2,96,30,缺失,德国,无信用卡,1
45,0,0,2,168,39,租住,德国,欧洲Master卡,0
26,2100,1,2,312,120,租住,德国,支票账户,1
25,2300,0,1,216,12,租住,德国,无信用卡,1
23,2000,0,1,30,12,租住,德国,无信用卡,0
31,0,2,4,42,168,租住,德国,支票账户,0
25,2000,0,2,72,45,租住,德国,无信用卡,0
33,2500,0,1,999,15,租住,德国,无信用卡,1
28,0,2,4,48,36,租住,德国,支票账户,1
39,0,2,3,144,21,租住,德国,支票账户,0
51,0,0,2,192,999,租住,德国,支票账户,0
44,0,1,2,192,42,租住,德国,支票账户,1
44,0,1,3,240,192,租住,德国,支票账户,0
33,0,1,3,144,216,租住,德国,支票账户,0
32,0,0,1,999,54,租住,德国,支票账户,0
29,2400,1,2,12,72,租住,德国,无信用卡,0
53,1500,0,1,9,3,租住,土耳其,无信用卡,1
47,1500,1,3,36,12,自有,德国,无信用卡,0
43,0,0,1,240,60,缺失,德国,支票账户,1
39,0,2,4,48,48,租住,德国,支票账户,1
35,0,3,5,18,39,租住,德国,支票账户,0
30,3000,0,1,42,12,租住,德国,无信用卡,1
26,0,0,1,312,33,租住,德国,支票账户,1
39,1900,1,3,36,60,租住,德国,无信用卡,0
28,1700,1,2,36,12,租住,德国,无信用卡,0
60,0,0,2,72,33,缺失,德国,支票账户,0
43,1600,0,2,120,3,租住,德国,无信用卡,1
40,1500,0,1,60,9,租住,德国,无信用卡,1
37,1500,2,3,192,84,缺失,德国,无信用卡,1
35,2400,1,2,42,39,租住,德国,无信用卡,0
33,0,2,4,84,39,租住,德国,支票账户,0
42,2700,2,4,240,288,租住,德国,无信用卡,0
25,2200,1,3,48,9,租住,德国,无信用卡,1
64,0,0,1,48,45,租住,德国,支票账户,0
47,0,0,1,168,216,租住,德国,支票账户,0
37,1500,1,3,96,9,租住,德国,无信用卡,0
23,2300,0,2,6,30,租住,德国,无信用卡,0
67,1500,0,2,288,192,缺失,德国,支票账户,0
63,0,0,1,168,36,租住,德国,支票账户,0
46,2600,0,2,168,336,租住,德国,无信用卡,1
41,0,1,3,66,336,租住,德国,支票账户,0
33,0,8,10,72,9,租住,德国,支票账户,1
30,0,2,4,96,30,租住,德国,支票账户,0
22,0,0,2,36,21,租住,德国,支票账户,1
40,2400,1,3,168,9,缺失,德国,无信用卡,0
32,3300,2,4,42,66,租住,德国,支票账户,0
30,0,2,4,120,27,租住,德国,支票账户,1
32,2100,0,1,42,15,租住,德国,无信用卡,1
22,0,0,1,264,6,租住,德国,支票账户,1
44,2700,4,6,66,288,缺失,德国,无信用卡,1
66,1900,0,2,3,192,租住,德国,无信用卡,0
32,1800,2,4,42,6,自有,德国,无信用卡,1
56,1500,0,1,999,96,租住,德国,无信用卡,0
40,1600,0,1,30,96,租住,德国,无信用卡,0
31,0,3,5,84,108,租住,德国,支票账户,1
30,2200,1,3,30,168,租住,德国,无信用卡,1
28,0,0,1,66,9,缺失,德国,支票账户,0
20,0,0,1,168,36,租住,德国,支票账户,1
51,1500,0,2,192,12,自有,德国,无信用卡,0
38,2300,2,4,216,24,自有,德国,无信用卡,0
29,0,1,2,216,30,缺失,德国,支票账户,0
19,1900,0,1,240,9,租住,德国,无信用卡,1
41,0,2,3,30,216,租住,德国,欧洲Master卡,1
30,0,1,3,72,120,租住,德国,支票账户,0
40,2200,1,2,999,240,租住,德国,无信用卡,1
25,1500,0,1,312,54,租住,德国,无信用卡,1
40,0,1,3,66,3,租住,德国,支票账户,1
29,1700,1,3,60,9,缺失,德国,无信用卡,1
27,0,0,1,42,9,租住,德国,支票账户,0
46,0,1,3,264,336,租住,德国,欧洲Master卡,0
40,0,2,4,48,96,租住,德国,支票账户,1
24,2500,2,4,60,108,租住,德国,无信用卡,1
38,0,2,4,144,48,租住,德国,支票账户,0
42,1800,1,3,54,15,租住,德国,欧洲Master卡,1
41,2400,2,4,144,21,租住,德国,支票账户,0
20,1000,0,1,288,9,租住,德国,无信用卡,1
63,1500,0,2,999,240,租住,德国,无信用卡,1
39,2200,2,4,144,21,租住,德国,支票账户,0
32,0,2,4,96,144,租住,德国,支票账户,0
46,0,1,3,192,288,租住,德国,支票账户,0
41,1500,2,4,42,30,租住,德国,无信用卡,1
34,2300,0,2,3,15,租住,德国,无信用卡,1
39,0,2,3,48,288,租住,德国,支票账户,0
52,0,1,3,999,21,租住,德国,支票账户,0
65,1600,0,1,999,60,自有,德国,无信用卡,0
38,2500,1,3,144,27,租住,德国,无信用卡,0
38,0,2,4,216,48,租住,德国,支票账户,1
26,1900,0,1,264,9,租住,德国,无信用卡,1
70,1500,0,2,192,120,租住,德国,无信用卡,0
30,2700,1,3,48,6,租住,德国,无信用卡,0
19,1000,0,1,108,6,租住,德国,无信用卡,1
18,0,0,1,216,39,租住,德国,支票账户,1
29,2600,1,2,96,48,租住,德国,无信用卡,0
26,0,1,2,30,96,租住,德国,支票账户,1
37,0,1,3,144,240,租住,德国,支票账户,0
29,1700,0,1,72,144,租住,德国,无信用卡,1
50,0,1,2,288,999,租住,德国,支票账户,0
21,1500,0,1,264,6,缺失,德国,无信用卡,1
59,0,0,1,999,60,租住,德国,支票账户,0
45,0,0,1,216,336,租住,德国,支票账户,0
44,1900,0,1,264,999,租住,德国,无信用卡,1
34,0,2,4,192,72,租住,德国,支票账户,1
56,0,0,2,42,39,租住,德国,支票账户,1
35,0,2,4,144,12,租住,德国,支票账户,0
47,1500,1,3,144,3,租住,德国,无信用卡,1
19,1900,2,3,120,21,租住,德国,无信用卡,1
55,1800,0,1,144,21,租住,德国,无信用卡,0
46,2500,2,3,192,15,租住,德国,无信用卡,0
40,0,1,3,108,144,租住,德国,支票账户,1
59,0,0,2,54,27,租住,德国,支票账户,0
36,1500,0,1,144,144,租住,德国,无信用卡,1
35,0,2,4,24,144,租住,德国,支票账户,0
28,0,1,3,42,54,缺失,德国,支票账户,0
28,2000,1,3,48,9,租住,德国,无信用卡,1
38,3200,1,3,192,18,自有,德国,支票账户,0
36,0,2,4,144,54,租住,德国,支票账户,0
34,1700,1,2,84,24,自有,德国,无信用卡,0
23,0,0,1,288,3,租住,德国,支票账户,1
55,0,0,2,999,999,缺失,德国,支票账户,0
37,2800,0,1,6,24,租住,德国,无信用卡,1
48,2000,1,3,192,120,租住,德国,无信用卡,0
24,2400,0,1,288,18,租住,德国,无信用卡,1
22,0,0,1,18,66,租住,德国,支票账户,0
36,0,0,2,30,15,租住,德国,支票账户,1
31,0,0,1,48,48,缺失,德国,支票账户,1
30,0,0,1,48,48,租住,德国,支票账户,0
34,0,3,5,84,9,租住,德国,支票账户,0
29,0,0,1,72,15,租住,德国,支票账户,0
26,2000,2,4,42,30,租住,德国,无信用卡,1
28,0,1,3,12,30,租住,德国,支票账户,0
41,0,3,5,192,9,缺失,德国,支票账户,0
39,0,0,2,144,288,租住,德国,支票账户,0
33,2200,0,1,96,192,自有,德国,无信用卡,1
39,0,0,1,108,216,租住,德国,支票账户,1
22,0,0,1,168,84,租住,德国,支票账户,1
28,0,1,3,6,36,租住,德国,支票账户,1
31,3500,2,4,108,168,租住,土耳其,无信用卡,0
27,2500,1,3,60,18,自有,德国,无信用卡,0
45,0,1,3,216,120,租住,德国,欧洲Master卡,0
37,2000,2,4,42,6,租住,德国,无信用卡,0
29,2600,2,4,48,18,租住,德国,无信用卡,1
27,0,1,2,42,120,缺失,德国,支票账户,0
38,1800,2,4,108,168,租住,德国,无信用卡,1
29,0,1,3,48,45,租住,德国,支票账户,0
21,1900,0,1,264,54,租住,德国,无信用卡,0
40,0,2,4,168,3,租住,德国,支票账户,0
38,2000,1,3,66,18,租住,德国,无信用卡,0
47,0,1,3,120,27,租住,德国,支票账户,0
41,0,2,4,36,72,缺失,德国,支票账户,0
24,1500,0,1,84,9,缺失,德国,无信用卡,1
39,5000,1,3,108,54,租住,德国,支票账户,0
37,0,2,4,120,9,租住,德国,支票账户,0
32,1900,3,5,15,15,租住,德国,无信用卡,0
63,3500,0,2,84,33,租住,德国,无信用卡,0
40,0,2,4,0,120,租住,德国,支票账户,0
35,3200,2,4,54,15,缺失,德国,无信用卡,1
56,1600,0,1,108,12,租住,德国,无信用卡,1
41,0,1,3,216,336,租住,德国,支票账户,0
39,2200,2,4,9,30,租住,德国,无信用卡,1
50,0,0,2,216,216,租住,德国,支票账户,0
23,2800,0,1,288,60,租住,德国,支票账户,1
63,1500,0,1,312,33,自有,德国,无信用卡,1
55,0,0,2,360,24,租住,德国,欧洲Master卡,1
33,2500,2,3,54,30,缺失,德国,无信用卡,1
31,0,3,5,42,9,租住,德国,支票账户,1
56,0,0,2,108,33,租住,德国,支票账户,1
30,0,2,4,42,9,缺失,德国,支票账户,1
35,0,3,4,48,66,租住,德国,支票账户,1
28,0,1,3,48,144,租住,德国,支票账户,0
22,2200,0,1,264,33,租住,德国,无信用卡,1
46,1800,0,2,312,15,自有,德国,无信用卡,0
20,1500,0,1,240,30,租住,德国,无信用卡,1
66,1500,0,1,72,96,租住,德国,无信用卡,1
58,3100,0,2,72,36,租住,德国,无信用卡,0
57,1000,0,2,24,21,租住,德国,欧洲Master卡,0
47,0,0,2,168,999,租住,德国,欧洲Master卡,0
42,0,2,3,144,24,租住,德国,支票账户,0
28,0,1,2,42,84,租住,德国,支票账户,1
52,2100,0,2,192,9,缺失,德国,无信用卡,0
34,0,2,4,120,216,租住,德国,支票账户,1
33,1500,0,2,120,9,租住,德国,无信用卡,1
21,0,0,1,240,45,租住,德国,支票账户,1
19,1000,0,1,240,18,租住,德国,无信用卡,1
44,2300,1,2,192,36,租住,德国,无信用卡,1
30,2000,2,4,336,21,自有,德国,无信用卡,1
27,2000,0,1,48,84,租住,德国,无信用卡,1
37,2300,0,1,192,24,租住,德国,我行Visa卡,0
36,2500,1,3,96,9,租住,德国,无信用卡,0
19,0,0,1,120,6,租住,德国,支票账户,0
32,2400,1,2,144,33,租住,德国,无信用卡,0
28,1700,3,5,0,168,租住,德国,无信用卡,1
27,1700,1,3,336,9,租住,德国,无信用卡,1
39,4000,2,4,168,168,租住,德国,无信用卡,0
21,0,0,1,192,39,租住,德国,支票账户,1
20,2200,0,1,144,15,租住,德国,无信用卡,1
68,0,0,1,216,27,租住,德国,支票账户,0
52,0,0,1,120,999,租住,德国,支票账户,0
46,2000,3,5,96,240,租住,其它非欧洲国家,无信用卡,0
25,1900,2,4,6,3,租住,德国,无信用卡,1
20,0,0,1,216,6,租住,德国,支票账户,0
38,2000,3,5,48,33,租住,德国,无信用卡,1
57,0,0,2,360,144,租住,德国,支票账户,0
54,1500,0,2,999,288,租住,德国,无信用卡,0
41,0,0,2,42,9,租住,德国,支票账户,0
38,0,1,2,84,9,缺失,德国,支票账户,1
20,1000,0,1,168,30,租住,德国,无信用卡,0
45,0,1,2,15,39,租住,德国,支票账户,0
33,1900,2,4,144,168,自有,德国,无信用卡,0
47,0,0,2,18,96,租住,德国,支票账户,0
40,0,2,4,108,60,租住,德国,支票账户,0
38,0,1,2,48,216,租住,德国,支票账户,0
36,0,2,3,18,42,租住,德国,支票账户,0
35,2200,3,5,144,120,租住,德国,无信用卡,0
49,1600,0,1,264,96,租住,德国,无信用卡,0
45,0,1,3,168,39,租住,德国,支票账户,0
56,0,0,2,144,288,租住,德国,支票账户,1
35,1600,4,6,66,24,租住,德国,无信用卡,1
29,3300,1,3,3,12,租住,德国,无信用卡,1
23,1700,0,1,168,3,租住,德国,无信用卡,0
33,2700,2,4,108,27,租住,德国,无信用卡,1
52,0,0,2,336,336,租住,德国,支票账户,0
30,2000,0,1,36,18,缺失,德国,无信用卡,1
27,0,0,1,36,84,租住,德国,支票账户,1
40,1500,2,4,240,144,自有,德国,无信用卡,0
30,2200,1,3,3,54,租住,德国,无信用卡,1
43,2500,1,3,999,33,缺失,德国,无信用卡,1
29,2200,0,1,6,27,租住,德国,无信用卡,1
27,0,1,3,60,12,租住,德国,支票账户,0
52,3300,1,3,240,36,自有,德国,无信用卡,0
42,0,1,3,120,30,租住,德国,支票账户,0
42,0,1,3,999,336,租住,德国,支票账户,0
33,2200,2,4,144,3,租住,德国,无信用卡,1
36,1800,2,4,72,6,缺失,德国,无信用卡,1
42,3000,1,3,168,168,租住,德国,无信用卡,0
33,0,3,5,54,54,租住,德国,支票账户,1
29,0,1,3,21,72,租住,德国,支票账户,0
51,1500,0,1,336,84,自有,德国,无信用卡,0
38,2800,2,3,108,12,租住,德国,无信用卡,1
60,1600,0,1,999,27,租住,德国,无信用卡,0
36,0,2,4,21,216,租住,德国,支票账户,0
34,0,2,4,84,27,租住,德国,欧洲Master卡,0
32,1900,1,3,72,84,租住,德国,无信用卡,0
28,2000,0,1,60,144,租住,德国,无信用卡,1
44,0,2,4,216,6,租住,德国,支票账户,1
25,0,2,3,36,24,租住,德国,支票账户,0
38,2200,0,1,999,18,租住,德国,无信用卡,1
46,0,1,3,336,120,租住,德国,支票账户,1
31,1600,0,1,336,21,租住,德国,无信用卡,1
35,0,0,2,15,45,租住,德国,支票账户,1
31,2300,5,7,66,6,缺失,德国,无信用卡,1
29,2700,2,4,60,48,缺失,德国,无信用卡,1
28,2200,2,4,84,84,租住,德国,无信用卡,0
62,0,0,1,120,27,租住,德国,欧洲Master卡,0
27,2600,1,2,30,108,租住,德国,无信用卡,1
21,1500,0,1,9,27,缺失,德国,支票账户,0
18,0,0,1,216,30,租住,德国,支票账户,1
50,0,0,1,168,288,租住,德国,支票账户,0
49,0,3,4,96,192,租住,德国,支票账户,0
42,1600,0,1,60,30,租住,德国,无信用卡,0
27,0,1,2,264,36,租住,德国,支票账户,0
49,0,1,3,999,192,租住,德国,支票账户,0
25,0,1,2,312,45,租住,德国,支票账户,0
21,2100,0,1,192,9,租住,德国,无信用卡,1
48,2000,0,2,312,30,租住,德国,支票账户,0
45,1800,1,2,84,9,租住,德国,无信用卡,1
42,0,2,3,999,39,缺失,德国,支票账户,0
41,1500,1,2,84,36,租住,德国,无信用卡,1
32,2800,1,2,84,48,租住,德国,无信用卡,0
51,0,0,2,192,60,租住,德国,支票账户,0
41,0,1,3,144,192,租住,德国,支票账户,0
33,2400,2,4,30,39,租住,德国,无信用卡,0
27,0,0,1,21,72,租住,德国,支票账户,0
24,2200,0,1,30,39,租住,德国,无信用卡,0
57,0,0,1,999,48,租住,德国,支票账户,0
38,0,1,2,144,144,租住,德国,支票账户,0
28,0,2,4,6,33,租住,德国,支票账户,1
28,0,2,4,12,3,租住,德国,支票账户,1
51,0,1,3,54,27,租住,德国,支票账户,1
31,0,1,3,36,12,租住,德国,欧洲Master卡,0
22,2000,0,1,36,15,租住,德国,支票账户,1
19,2000,0,1,168,9,租住,德国,无信用卡,1
19,1500,0,1,108,15,租住,德国,无信用卡,1
67,1900,0,2,999,120,自有,德国,无信用卡,0
34,1900,2,4,84,24,缺失,德国,无信用卡,1
31,0,3,5,48,168,租住,德国,支票账户,0
51,0,0,2,84,9,租住,德国,支票账户,0
45,2300,0,2,168,999,缺失,德国,无信用卡,1
38,0,1,3,192,48,租住,德国,支票账户,1
35,0,2,4,84,12,租住,德国,支票账户,0
32,0,3,5,24,33,租住,德国,支票账户,1
25,2400,0,1,6,96,租住,德国,无信用卡,1
42,0,2,4,144,108,租住,德国,支票账户,1
43,0,0,2,48,33,租住,德国,支票账户,0
40,0,4,6,54,9,租住,德国,欧洲Master卡,1
68,0,0,2,192,66,租住,德国,支票账户,0
33,1500,1,3,36,192,自有,德国,无信用卡,0
59,0,0,2,999,33,缺失,德国,支票账户,0
36,0,2,4,84,84,租住,德国,欧洲Master卡,1
35,2000,2,4,42,84,缺失,德国,无信用卡,0
34,0,3,5,72,48,租住,德国,支票账户,1
27,0,1,2,42,66,租住,德国,支票账户,0
25,2300,0,1,36,84,租住,德国,无信用卡,1
37,2000,2,4,36,36,自有,德国,无信用卡,0
20,1700,0,1,144,6,租住,德国,无信用卡,1
30,3000,2,4,3,36,租住,德国,无信用卡,1
29,2500,1,3,12,21,租住,德国,无信用卡,1
27,0,0,1,336,96,租住,德国,支票账户,0
22,1700,0,1,264,39,租住,德国,无信用卡,1
66,1500,0,2,999,18,缺失,德国,无信用卡,0
27,0,0,1,240,24,租住,德国,支票账户,0
40,0,0,1,48,240,租住,德国,支票账户,0
39,1700,1,3,168,3,租住,德国,无信用卡,1
31,0,1,2,18,168,租住,德国,支票账户,1
37,2600,3,5,999,30,自有,德国,无信用卡,0
58,0,0,2,60,45,租住,德国,支票账户,0
23,0,0,1,144,84,租住,德国,支票账户,0
27,0,2,4,15,6,缺失,德国,支票账户,0
40,1900,0,2,336,216,租住,德国,无信用卡,1
40,0,1,3,108,33,租住,德国,支票账户,0
40,2900,0,1,96,12,租住,德国,无信用卡,1
22,1600,0,1,36,45,租住,德国,无信用卡,1
37,1500,3,4,96,21,租住,德国,无信用卡,1
29,0,1,2,6,108,租住,德国,支票账户,0
23,1500,3,4,36,6,缺失,德国,无信用卡,1
38,0,2,3,144,6,租住,德国,支票账户,0
35,3000,2,4,72,240,租住,德国,无信用卡,1
48,2200,1,2,216,60,缺失,德国,支票账户,0
31,2000,2,4,120,9,租住,德国,无信用卡,0
44,2100,1,2,42,42,租住,德国,无信用卡,1
42,0,1,3,120,21,租住,德国,支票账户,0
39,2500,1,3,42,288,租住,德国,无信用卡,0
28,1500,1,3,6,36,租住,德国,无信用卡,1
23,0,0,1,120,27,租住,德国,支票账户,0
41,0,2,4,144,144,租住,德国,支票账户,0
41,0,1,3,108,168,租住,德国,支票账户,0
40,0,1,3,84,24,租住,德国,支票账户,0
53,0,2,4,999,168,租住,德国,支票账户,0
25,2000,0,1,312,18,租住,德国,无信用卡,0
23,2100,0,1,30,30,租住,德国,无信用卡,0
69,0,0,2,96,108,租住,德国,支票账户,0
46,0,0,2,264,9,租住,德国,支票账户,0
42,1900,2,4,120,12,租住,德国,支票账户,0
35,2200,0,2,120,9,租住,德国,无信用卡,1
52,2500,0,2,336,336,租住,德国,无信用卡,0
34,2100,2,3,120,15,自有,德国,无信用卡,1
28,0,0,2,66,39,租住,德国,支票账户,1
27,0,0,1,54,96,租住,德国,支票账户,0
21,1800,0,1,264,60,租住,德国,欧洲Master卡,1
34,0,2,4,42,6,租住,德国,支票账户,0
31,2300,2,4,72,84,租住,德国,无信用卡,0
26,2000,0,1,312,9,租住,德国,无信用卡,1
23,1500,1,3,42,39,租住,土耳其,无信用卡,1
22,4000,2,4,30,24,租住,土耳其,无信用卡,0
19,1000,0,1,240,36,租住,德国,无信用卡,1
19,1800,0,1,144,9,缺失,德国,无信用卡,1
21,1500,0,1,24,24,租住,德国,无信用卡,0
20,2500,0,1,15,15,租住,土耳其,无信用卡,0
22,2100,0,1,30,18,租住,德国,无信用卡,1
20,0,0,1,36,24,租住,土耳其,支票账户,1
19,2400,0,1,96,42,租住,德国,无信用卡,1
22,2500,0,2,240,84,租住,土耳其,无信用卡,1
21,1500,0,1,120,3,租住,德国,无信用卡,1
20,0,0,1,240,33,租住,德国,欧洲Master卡,1
22,0,0,1,48,84,缺失,德国,支票账户,1
19,1500,0,1,144,27,缺失,德国,无信用卡,0
20,1900,0,1,54,9,租住,土耳其,无信用卡,1
22,3500,0,2,144,60,缺失,土耳其,无信用卡,1
20,4000,0,1,144,3,缺失,土耳其,无信用卡,1
22,1500,0,1,0,27,租住,德国,无信用卡,0
20,1000,0,1,168,18,租住,德国,无信用卡,1
20,2300,0,1,240,45,租住,德国,无信用卡,1
19,1500,1,2,108,15,租住,德国,无信用卡,1
19,1900,0,1,48,48,缺失,德国,支票账户,1
22,2100,0,1,3,12,租住,德国,无信用卡,1
20,1000,0,1,54,42,缺失,德国,无信用卡,1
22,2000,1,3,9,33,租住,土耳其,无信用卡,1
21,1700,0,1,264,27,租住,德国,无信用卡,1
20,1900,0,1,15,15,租住,德国,无信用卡,1
18,0,0,1,240,24,缺失,德国,支票账户,0
21,1800,0,1,96,9,租住,德国,无信用卡,1
20,2300,0,1,264,6,缺失,希腊,无信用卡,0
21,2600,0,2,3,48,租住,土耳其,无信用卡,0
20,2000,0,1,264,3,租住,德国,无信用卡,1
22,2000,1,2,3,60,租住,德国,无信用卡,1
21,1500,0,1,6,24,租住,德国,无信用卡,0
22,4000,0,1,264,9,租住,南斯拉夫,无信用卡,1
21,0,1,2,6,33,租住,德国,支票账户,1
22,2200,0,1,6,54,租住,德国,无信用卡,1
21,0,1,3,84,18,租住,南斯拉夫,支票账户,0
20,1600,0,1,168,45,租住,德国,无信用卡,1
22,1500,0,1,12,15,租住,德国,无信用卡,1
20,1000,0,1,240,18,缺失,德国,无信用卡,1
20,1500,0,1,216,9,缺失,德国,无信用卡,1
20,1500,0,1,216,9,租住,德国,无信用卡,1
20,3100,0,1,168,48,缺失,德国,无信用卡,0
20,1000,0,1,192,21,租住,德国,支票账户,0
22,1700,0,1,15,6,租住,德国,无信用卡,1
19,1500,0,1,48,36,租住,土耳其,无信用卡,0
21,1500,0,1,120,60,租住,德国,无信用卡,0
20,2000,0,1,168,30,租住,德国,无信用卡,1
22,1900,0,1,15,12,缺失,德国,无信用卡,1
19,0,0,1,168,12,缺失,德国,支票账户,0
20,1700,0,1,108,3,租住,土耳其,无信用卡,1
22,2000,0,1,168,15,缺失,德国,支票账户,0
22,1900,0,1,192,3,租住,土耳其,无信用卡,1
21,1700,0,1,192,36,租住,德国,无信用卡,1
21,1500,0,1,120,9,缺失,德国,无信用卡,1
21,1500,0,1,192,27,缺失,德国,无信用卡,1
19,1000,0,1,240,18,租住,德国,无信用卡,0
22,4000,0,1,30,12,缺失,德国,无信用卡,1
20,1600,0,1,240,33,租住,德国,无信用卡,1
22,0,0,1,3,72,租住,德国,欧洲Master卡,0
19,0,0,1,84,21,租住,土耳其,支票账户,1
20,0,0,1,60,48,租住,意大利,支票账户,1
20,1500,0,1,240,6,缺失,土耳其,无信用卡,1
22,2800,0,1,264,72,租住,德国,无信用卡,1
21,0,0,1,42,30,租住,德国,支票账户,0
22,2100,0,1,240,27,租住,德国,无信用卡,1
21,1500,0,1,120,15,租住,土耳其,无信用卡,0
21,1500,1,3,168,15,租住,土耳其,无信用卡,1
19,1000,0,1,3,36,缺失,德国,无信用卡,0
21,5000,0,1,18,42,租住,土耳其,无信用卡,1
19,2800,0,1,12,9,租住,土耳其,无信用卡,1
22,0,0,1,21,60,租住,德国,支票账户,1
20,1500,0,1,0,3,租住,希腊,无信用卡,1
20,1000,0,1,168,33,租住,德国,无信用卡,0
19,0,0,1,240,27,租住,德国,支票账户,1
19,1900,0,1,72,42,缺失,德国,无信用卡,1
22,1700,0,1,192,18,租住,德国,无信用卡,1
21,1500,0,1,168,12,租住,德国,无信用卡,1
22,2100,0,1,264,54,租住,德国,无信用卡,1
19,0,0,1,3,36,租住,德国,支票账户,0
21,1500,0,1,144,12,缺失,德国,无信用卡,1
22,1700,0,1,288,12,租住,德国,无信用卡,0
19,0,0,1,66,27,缺失,德国,支票账户,1
22,2200,0,1,15,15,租住,德国,无信用卡,1
19,1600,0,1,21,24,租住,德国,无信用卡,1
22,3000,0,1,36,15,缺失,德国,无信用卡,0
20,0,0,1,36,45,租住,德国,支票账户,1
20,1700,0,1,168,6,租住,土耳其,无信用卡,1
21,1600,0,1,264,12,租住,德国,无信用卡,1
19,1800,1,2,66,39,租住,德国,无信用卡,1
22,2000,0,1,264,33,租住,德国,无信用卡,0
21,1800,0,1,192,30,租住,德国,无信用卡,0
22,2700,1,3,96,45,租住,土耳其,无信用卡,1
20,1700,0,1,168,6,租住,德国,无信用卡,1
21,2000,0,1,144,66,租住,德国,无信用卡,1
22,1500,0,1,21,21,租住,德国,无信用卡,1
21,1900,0,1,9,33,租住,土耳其,无信用卡,1
19,1000,0,1,72,36,缺失,德国,无信用卡,1
19,0,0,1,15,48,租住,德国,支票账户,0
22,1600,0,1,264,6,缺失,德国,无信用卡,1
20,1800,0,1,240,45,租住,德国,无信用卡,1
19,1000,0,1,144,6,租住,德国,无信用卡,1
19,1800,0,1,15,45,租住,德国,无信用卡,1
22,2400,0,1,72,21,缺失,希腊,无信用卡,1
20,1900,0,1,30,6,租住,德国,无信用卡,1
22,2500,0,1,264,15,租住,德国,无信用卡,1
21,2000,0,1,60,36,租住,德国,无信用卡,1
21,1500,0,1,9,9,租住,德国,无信用卡,1
20,2000,0,1,144,33,租住,土耳其,无信用卡,1
22,1700,0,1,36,30,租住,德国,无信用卡,1
22,1900,0,2,3,3,缺失,德国,无信用卡,0
19,0,0,1,168,36,租住,德国,支票账户,0
21,0,0,1,216,45,租住,德国,支票账户,0
18,0,0,1,240,21,租住,德国,支票账户,0
21,0,0,1,21,9,租住,德国,支票账户,0
20,1000,0,1,42,27,租住,德国,无信用卡,1
22,1500,0,1,264,6,租住,南斯拉夫,无信用卡,0
21,2200,0,1,108,15,租住,德国,支票账户,0
22,1600,0,1,264,6,缺失,德国,无信用卡,1
22,2200,0,1,15,15,租住,德国,无信用卡,1
19,1000,0,1,108,39,租住,土耳其,无信用卡,0
22,3200,0,1,36,6,租住,其它非欧洲国家,无信用卡,1
22,0,0,1,12,6,租住,德国,支票账户,1
20,2200,0,1,42,39,缺失,德国,无信用卡,1
22,1700,0,1,54,42,租住,德国,无信用卡,1
21,1500,0,1,120,12,缺失,德国,无信用卡,1
22,1700,0,1,288,66,缺失,德国,无信用卡,1
19,2500,0,1,240,54,租住,德国,无信用卡,1
22,1900,0,1,18,15,缺失,德国,无信用卡,0
19,1000,0,1,42,21,租住,德国,无信用卡,1
20,2300,0,1,72,39,租住,德国,无信用卡,1
22,2500,2,4,66,66,缺失,德国,无信用卡,1
22,2500,0,2,3,21,租住,德国,无信用卡,0
19,1000,0,1,108,9,租住,德国,无信用卡,1
20,1500,0,1,84,9,租住,德国,无信用卡,1
20,2100,0,1,168,12,租住,德国,无信用卡,1
20,0,0,1,72,33,租住,德国,支票账户,0
21,1600,0,1,108,12,租住,德国,无信用卡,1
22,2600,0,1,6,21,租住,土耳其,无信用卡,1
19,1700,0,1,240,42,缺失,德国,无信用卡,1
20,1600,0,1,168,60,租住,德国,无信用卡,1
19,1000,0,1,240,21,租住,德国,无信用卡,0
21,3500,0,1,120,66,租住,德国,无信用卡,1
22,0,0,1,264,18,租住,德国,欧洲Master卡,1
20,1000,0,1,30,18,租住,德国,无信用卡,0
20,1600,0,2,240,27,租住,土耳其,无信用卡,1
22,2100,0,1,192,48,租住,德国,无信用卡,1
22,1700,0,1,54,54,租住,希腊,无信用卡,1
22,2500,0,2,3,84,租住,德国,无信用卡,1
21,1900,0,2,264,6,租住,德国,无信用卡,1
21,2200,0,1,264,27,租住,德国,无信用卡,1
22,1800,0,1,264,15,租住,德国,无信用卡,1
20,1000,0,1,54,30,租住,德国,无信用卡,1
22,2000,0,1,120,15,租住,德国,无信用卡,1
22,1700,0,1,15,54,租住,德国,无信用卡,1
21,1700,0,1,264,36,租住,德国,无信用卡,1
21,2000,0,1,264,6,租住,德国,无信用卡,0
22,0,0,1,3,9,租住,德国,支票账户,1
20,1700,0,1,192,30,租住,德国,无信用卡,1
22,2500,0,1,36,36,租住,德国,无信用卡,0
22,2300,0,2,6,45,租住,土耳其,无信用卡,1
19,1900,0,1,240,9,租住,德国,无信用卡,1
22,2500,1,3,48,60,租住,土耳其,无信用卡,1
22,1500,0,1,9,27,租住,德国,无信用卡,1
22,2100,0,2,264,45,缺失,德国,无信用卡,0
19,1000,0,1,21,36,租住,德国,无信用卡,1
19,1500,0,1,84,36,缺失,德国,无信用卡,1
21,1900,0,1,264,45,租住,德国,无信用卡,1
22,2600,0,1,9,66,缺失,德国,无信用卡,1
20,2000,0,1,18,18,租住,土耳其,无信用卡,0
22,1600,0,1,264,39,缺失,德国,无信用卡,0
21,1500,0,1,168,21,租住,德国,无信用卡,1
21,1500,0,1,168,21,租住,德国,无信用卡,1
22,2000,0,1,54,15,缺失,德国,无信用卡,1
22,2800,0,1,21,72,租住,其它非欧洲国家,无信用卡,1
22,2700,0,2,72,48,缺失,土耳其,无信用卡,0
21,1500,0,1,15,36,租住,德国,无信用卡,0
21,2000,0,1,54,54,缺失,德国,无信用卡,1
20,1800,0,1,36,48,租住,土耳其,无信用卡,1
22,2300,1,2,264,3,租住,德国,无信用卡,1
20,2500,0,1,240,33,租住,德国,无信用卡,1
22,1900,0,1,84,24,租住,土耳其,无信用卡,1
23,2400,0,1,12,12,租住,德国,无信用卡,1
22,2000,0,1,54,15,租住,德国,支票账户,1
22,0,0,1,264,3,租住,德国,支票账户,0
22,1700,0,1,15,12,租住,德国,无信用卡,1
22,2200,0,1,12,60,缺失,德国,无信用卡,1
22,2000,0,1,3,48,租住,德国,无信用卡,1
22,1000,0,1,66,33,租住,德国,支票账户,1
20,1700,0,1,60,54,缺失,德国,无信用卡,1
20,1500,0,1,240,27,缺失,德国,无信用卡,1
22,2100,0,1,264,21,租住,德国,无信用卡,0
22,2100,0,1,120,33,租住,德国,无信用卡,1
22,2500,1,3,12,36,租住,德国,无信用卡,1
20,1700,0,1,216,3,租住,德国,无信用卡,0
19,2100,0,1,240,33,缺失,土耳其,无信用卡,0
22,1500,0,1,3,6,租住,德国,无信用卡,0
20,1700,0,1,66,30,租住,德国,无信用卡,1
21,1900,0,1,12,12,租住,德国,无信用卡,0
21,1000,0,1,264,6,租住,德国,欧洲Master卡,0
22,1000,0,1,84,36,缺失,德国,无信用卡,1
19,2200,0,1,15,36,租住,德国,无信用卡,1
22,2100,0,1,21,6,租住,德国,无信用卡,1
20,1800,0,1,216,24,租住,土耳其,无信用卡,1
56,3100,5,7,84,216,租住,其它非欧洲国家,无信用卡,1
54,3300,0,2,6,240,租住,土耳其,无信用卡,0
51,2400,0,2,168,240,租住,土耳其,无信用卡,1
47,3200,3,5,192,288,租住,土耳其,无信用卡,0
43,3000,3,5,144,36,租住,土耳其,无信用卡,0
37,1800,2,4,72,54,租住,其它非欧洲国家,无信用卡,0
33,2900,3,5,54,33,租住,土耳其,无信用卡,1
33,3100,3,5,264,18,缺失,土耳其,无信用卡,1
32,0,0,1,54,27,租住,希腊,支票账户,1
31,2900,1,3,66,54,租住,土耳其,无信用卡,1
30,3000,2,4,192,30,租住,土耳其,无信用卡,0
30,2400,1,3,108,9,缺失,土耳其,无信用卡,1
27,5000,0,2,66,96,租住,其它非欧洲国家,无信用卡,1
26,2500,0,2,18,15,租住,其它非欧洲国家,无信用卡,0
25,3000,1,3,120,36,租住,土耳其,无信用卡,1
25,3500,2,4,96,48,缺失,土耳其,无信用卡,0
24,2300,1,3,0,18,缺失,土耳其,无信用卡,1
24,2400,1,3,21,21,租住,其它非欧洲国家,无信用卡,1
23,0,0,1,36,36,租住,德国,支票账户,1
23,2000,0,2,15,15,缺失,土耳其,无信用卡,1
53,3000,1,3,120,36,租住,德国,无信用卡,0
50,0,0,2,120,30,租住,德国,支票账户,0
44,2200,0,2,120,66,租住,土耳其,无信用卡,1
32,3000,1,2,66,42,租住,土耳其,无信用卡,1
29,3500,1,3,120,168,缺失,土耳其,无信用卡,0
26,0,0,2,36,84,租住,德国,欧洲Master卡,0
24,1700,0,1,30,39,租住,德国,无信用卡,0
35,0,1,2,120,21,租住,其它欧洲国家,支票账户,1
30,3500,3,5,21,96,租住,土耳其,无信用卡,0
30,2600,0,2,54,21,租住,德国,无信用卡,1
25,1500,0,1,312,9,租住,土耳其,无信用卡,1
25,1800,1,3,15,9,租住,其它非欧洲国家,无信用卡,1
24,2700,1,3,48,9,租住,德国,无信用卡,0
23,0,0,2,12,15,租住,土耳其,支票账户,1
52,2100,0,1,144,144,租住,德国,无信用卡,1
48,3000,2,4,120,288,租住,土耳其,无信用卡,0
33,0,2,4,12,18,缺失,德国,支票账户,0
30,2500,1,2,24,96,租住,土耳其,无信用卡,1
29,3100,1,3,24,36,缺失,德国,支票账户,0
29,3000,1,3,96,42,租住,德国,无信用卡,0
25,2200,0,2,6,66,租住,土耳其,无信用卡,1
24,2000,0,1,3,6,租住,德国,无信用卡,1
55,1800,1,3,216,216,缺失,土耳其,无信用卡,1
39,2600,0,1,24,216,租住,德国,无信用卡,1
30,2800,4,6,9,168,租住,土耳其,无信用卡,0
36,4000,2,4,54,168,自有,德国,无信用卡,1
34,0,1,3,0,6,租住,土耳其,支票账户,0
34,0,0,1,3,48,租住,德国,支票账户,1
33,2600,0,2,42,84,租住,德国,无信用卡,0
32,2500,1,3,120,24,租住,德国,无信用卡,0
27,2500,0,2,3,39,租住,德国,无信用卡,1
23,2500,0,2,9,3,租住,土耳其,无信用卡,1
45,1900,0,1,42,27,租住,德国,无信用卡,1
45,3300,0,2,72,48,租住,土耳其,无信用卡,0
34,2500,3,5,66,168,租住,土耳其,无信用卡,1
29,3500,2,4,42,108,租住,土耳其,无信用卡,0
25,3000,1,3,6,60,租住,土耳其,无信用卡,1
25,1500,0,1,288,12,租住,德国,无信用卡,1
24,1800,0,1,168,9,缺失,土耳其,无信用卡,1
23,3500,1,3,3,48,租住,土耳其,无信用卡,0
49,2400,1,3,240,9,缺失,德国,无信用卡,0
43,1800,0,1,54,27,租住,德国,无信用卡,0
37,1800,0,2,9,9,租住,其它非欧洲国家,无信用卡,1
34,2500,1,3,21,9,租住,土耳其,无信用卡,0
32,4000,0,1,360,45,缺失,德国,支票账户,0
31,1800,1,2,15,168,租住,德国,无信用卡,0
31,0,1,3,30,39,缺失,德国,支票账户,0
30,1700,0,2,9,3,租住,土耳其,无信用卡,1
28,0,0,1,6,84,租住,德国,支票账户,0
26,2100,0,1,24,24,租住,其它非欧洲国家,无信用卡,1
44,2200,0,1,30,168,租住,德国,无信用卡,1
37,4000,5,7,120,120,自有,德国,无信用卡,0
45,3400,1,3,24,120,租住,意大利,无信用卡,0
44,0,1,2,144,27,租住,德国,支票账户,0
33,3500,2,4,108,216,租住,德国,无信用卡,0
32,3500,1,3,12,12,租住,德国,无信用卡,1
27,2400,0,1,18,18,租住,土耳其,无信用卡,1
24,2000,0,1,9,9,缺失,德国,无信用卡,0
39,1900,1,3,264,6,自有,土耳其,无信用卡,0
27,2400,1,3,9,9,租住,德国,无信用卡,0
27,1800,0,1,36,27,缺失,德国,无信用卡,1
26,2000,0,1,36,48,租住,德国,无信用卡,1
23,1800,1,3,288,33,租住,德国,无信用卡,0
31,10000,0,2,36,6,租住,德国,无信用卡,1
29,0,0,2,288,144,租住,土耳其,支票账户,0
26,2400,1,3,0,15,租住,土耳其,无信用卡,1
52,3500,0,2,108,120,租住,土耳其,无信用卡,0
50,2300,0,1,24,54,缺失,其它欧洲国家,无信用卡,1
49,2000,1,2,192,54,租住,土耳其,无信用卡,1
32,3200,3,5,36,33,租住,德国,无信用卡,0
31,2000,0,2,54,24,租住,德国,无信用卡,0
29,2200,0,1,96,120,租住,德国,无信用卡,0
62,1500,0,2,9,9,租住,土耳其,无信用卡,1
38,5000,2,4,216,240,缺失,德国,无信用卡,0
36,2600,0,1,0,72,租住,德国,支票账户,0
30,2500,1,3,54,42,租住,其它非欧洲国家,无信用卡,1
35,2800,1,2,312,54,缺失,德国,无信用卡,0
35,5000,4,6,120,168,自有,德国,无信用卡,0
34,4000,1,3,42,108,缺失,德国,无信用卡,0
31,0,2,4,54,120,租住,土耳其,欧洲Master卡,1
23,0,0,1,3,12,租住,德国,支票账户,1
40,3000,2,4,192,192,租住,德国,无信用卡,1
31,1500,0,2,168,3,自有,德国,无信用卡,1
35,2800,2,4,0,108,租住,德国,无信用卡,1
32,2400,0,1,12,12,租住,德国,无信用卡,1
23,1500,0,1,36,45,租住,德国,无信用卡,1
45,3500,0,2,9,24,租住,德国,欧洲Master卡,0
40,1600,0,1,48,24,租住,德国,无信用卡,1
34,4000,1,2,336,96,自有,德国,无信用卡,1
30,3000,2,4,120,168,租住,德国,无信用卡,0
29,2500,0,2,30,30,租住,德国,无信用卡,1
27,3000,0,1,108,24,租住,德国,无信用卡,1
27,0,0,1,72,45,租住,德国,欧洲Master卡,0
25,2400,0,1,15,24,租住,德国,无信用卡,1
25,1800,0,1,12,84,租住,德国,支票账户,0
45,3200,1,2,120,168,租住,德国,无信用卡,0
36,0,2,4,36,24,租住,德国,支票账户,0
33,0,0,1,84,192,租住,德国,支票账户,0
29,1800,0,1,168,144,租住,南斯拉夫,无信用卡,0
27,1600,0,2,6,30,租住,德国,无信用卡,1
25,3000,2,4,60,9,租住,德国,无信用卡,1
24,4000,1,3,15,96,缺失,德国,无信用卡,1
23,1700,0,1,168,45,租住,德国,无信用卡,1
39,2200,2,4,120,192,缺失,希腊,无信用卡,0
39,0,2,4,60,36,租住,德国,支票账户,1
27,1500,0,1,3,36,租住,德国,无信用卡,0
26,0,0,2,9,33,租住,德国,支票账户,0
49,3500,1,3,168,192,租住,德国,无信用卡,0
33,2000,0,1,3,9,租住,其它非欧洲国家,无信用卡,1
29,3100,0,1,3,54,租住,德国,无信用卡,1
26,0,0,2,15,84,租住,土耳其,支票账户,1
25,2700,2,4,9,9,租住,土耳其,无信用卡,0
49,1500,0,2,66,42,租住,德国,无信用卡,1
44,1000,4,5,108,12,租住,土耳其,无信用卡,1
32,3200,3,5,168,6,租住,土耳其,支票账户,1
30,2100,0,1,30,18,租住,德国,无信用卡,1
27,2000,0,1,18,15,租住,德国,无信用卡,1
24,2000,1,3,24,6,缺失,土耳其,无信用卡,1
64,3400,4,6,999,48,租住,德国,无信用卡,0
56,3300,1,3,168,144,租住,土耳其,无信用卡,1
47,2200,0,1,192,42,自有,德国,无信用卡,1
37,4000,1,3,96,216,缺失,德国,无信用卡,0
37,3400,3,5,60,48,租住,意大利,无信用卡,0
33,0,2,4,84,9,租住,德国,支票账户,0
28,2400,0,1,0,9,租住,德国,无信用卡,1
25,2000,0,1,48,33,缺失,德国,无信用卡,0
35,2500,1,2,96,21,租住,德国,无信用卡,1
34,2500,2,4,30,84,缺失,德国,无信用卡,0
25,2400,1,2,18,30,租住,德国,无信用卡,1
42,2500,4,6,72,60,租住,南斯拉夫,无信用卡,0
24,2200,2,3,12,24,租住,德国,无信用卡,0
39,3200,2,4,96,96,租住,德国,无信用卡,0
33,4000,2,4,0,42,租住,德国,无信用卡,1
32,2400,0,1,12,42,自有,德国,无信用卡,0
28,1800,0,1,24,0,缺失,德国,支票账户,1
42,0,1,3,192,96,缺失,德国,支票账户,0
32,2100,0,2,84,15,租住,德国,无信用卡,1
65,1900,0,2,999,6,租住,德国,无信用卡,0
56,1600,0,2,48,36,租住,德国,无信用卡,0
44,2900,2,4,192,288,租住,德国,无信用卡,0
44,1900,0,2,108,108,租住,德国,无信用卡,1
42,3400,1,3,108,120,租住,德国,无信用卡,1
31,2500,2,4,66,144,租住,德国,无信用卡,0
29,2000,0,1,66,39,租住,德国,无信用卡,0
27,2200,0,2,15,27,租住,德国,无信用卡,1
26,3000,0,1,24,27,租住,德国,无信用卡,1
24,1800,1,3,12,9,租住,其它欧洲国家,无信用卡,0
45,2200,1,2,24,6,租住,德国,无信用卡,0
38,2300,1,2,21,24,租住,德国,无信用卡,0
27,0,0,1,216,6,缺失,德国,支票账户,1
36,2700,1,3,9,18,租住,德国,无信用卡,0
24,2200,0,1,312,30,租住,德国,无信用卡,1
24,2200,0,1,12,21,租住,德国,无信用卡,1
50,0,0,1,36,60,租住,德国,支票账户,0
32,1500,2,4,120,66,租住,土耳其,无信用卡,0
38,10000,1,3,12,96,租住,德国,支票账户,0
57,2600,0,1,168,96,租住,德国,无信用卡,1
45,0,1,3,168,18,缺失,德国,支票账户,0
38,2100,3,5,144,144,租住,土耳其,无信用卡,0
34,0,3,5,48,60,租住,德国,支票账户,0
30,0,1,2,18,18,缺失,德国,欧洲Master卡,0
26,2000,0,1,312,108,租住,土耳其,无信用卡,1
26,2400,1,2,288,66,缺失,德国,无信用卡,0
37,0,2,4,30,240,租住,德国,欧洲Master卡,0
30,1000,1,3,18,168,租住,德国,无信用卡,0
27,2500,0,1,108,6,缺失,德国,它行Visa卡,1
24,1900,0,1,36,12,租住,德国,无信用卡,1
23,2500,0,2,30,6,租住,德国,无信用卡,1
55,2800,0,2,96,168,租住,德国,无信用卡,1
48,5000,0,1,168,288,缺失,土耳其,支票账户,0
32,3000,1,3,30,24,缺失,德国,无信用卡,1
27,2800,2,4,60,96,租住,德国,无信用卡,1
26,0,0,1,3,9,租住,德国,支票账户,0
55,0,0,2,144,240,租住,德国,支票账户,0
31,0,0,1,144,54,租住,德国,支票账户,1
29,2700,1,3,9,108,租住,德国,无信用卡,0
25,0,0,1,9,9,租住,德国,欧洲Master卡,1
65,2300,0,1,216,54,租住,德国,无信用卡,0
53,0,0,2,72,45,租住,德国,支票账户,0
40,0,1,3,9,6,租住,德国,欧洲Master卡,0
38,2400,3,4,24,18,租住,德国,无信用卡,0
32,2000,0,1,12,144,租住,德国,无信用卡,1
29,1800,0,2,84,9,租住,德国,无信用卡,0
25,3000,0,1,288,60,租住,德国,无信用卡,0
67,2200,0,1,144,108,租住,德国,无信用卡,0
48,0,1,3,216,999,缺失,德国,支票账户,1
24,2000,0,1,288,54,租住,德国,无信用卡,0
23,2500,1,3,21,21,租住,德国,无信用卡,0
38,0,1,3,3,108,租住,德国,支票账户,0
25,2200,0,1,30,15,缺失,德国,支票账户,1
24,2200,0,1,288,45,缺失,德国,无信用卡,1
47,1500,0,1,84,999,租住,德国,无信用卡,1
39,3100,1,3,3,6,租住,德国,无信用卡,0
33,2500,2,4,999,192,自有,德国,支票账户,0
26,2000,0,2,9,9,租住,德国,无信用卡,1
24,1800,0,1,24,27,租住,德国,无信用卡,1
66,1700,2,3,36,240,缺失,德国,无信用卡,1
43,2000,2,4,24,9,租住,德国,无信用卡,0
30,2600,3,5,6,54,租住,德国,无信用卡,0
71,1900,0,2,336,108,租住,德国,无信用卡,0
55,2200,0,2,15,45,租住,德国,无信用卡,0
39,3000,2,4,24,84,自有,德国,无信用卡,0
27,2400,1,3,12,54,租住,德国,无信用卡,1
50,2700,2,4,54,42,租住,土耳其,无信用卡,0
43,2100,1,2,54,3,租住,德国,无信用卡,1
29,1500,2,4,3,108,租住,德国,无信用卡,0
41,0,1,2,120,192,租住,德国,支票账户,0
37,3500,1,3,84,66,缺失,德国,支票账户,0
29,1900,0,2,30,24,租住,其它非欧洲国家,无信用卡,0
26,2000,1,3,312,96,租住,土耳其,无信用卡,1
23,2200,0,1,21,84,租住,德国,无信用卡,1
31,2500,2,4,120,120,租住,土耳其,无信用卡,0
25,1500,0,2,42,60,缺失,德国,无信用卡,0
40,0,2,4,54,108,租住,其它非欧洲国家,支票账户,0
35,2800,2,4,36,21,租住,德国,无信用卡,0
32,2600,2,4,72,3,租住,德国,无信用卡,1
31,0,0,1,96,21,租住,德国,支票账户,0
55,1700,0,1,144,216,缺失,德国,支票账户,0
35,3200,2,4,48,33,租住,德国,无信用卡,0
25,0,0,1,48,6,缺失,德国,支票账户,0
38,0,2,4,21,27,租住,德国,支票账户,1
26,5000,1,2,9,27,租住,德国,无信用卡,1
32,2700,1,3,30,192,租住,德国,无信用卡,1
32,0,1,3,54,39,租住,德国,支票账户,0
29,2500,1,2,36,12,租住,德国,无信用卡,1
27,3000,0,2,15,6,租住,德国,无信用卡,1
24,2000,0,1,288,84,缺失,德国,无信用卡,1
23,1900,0,1,66,39,缺失,德国,无信用卡,1
29,2300,0,1,288,9,租住,德国,支票账户,0
27,3500,0,1,168,30,租住,德国,支票账户,1
25,0,0,1,312,96,缺失,德国,支票账户,0
43,3000,2,4,216,216,租住,德国,无信用卡,0
33,2800,1,3,42,216,缺失,德国,无信用卡,0
29,0,0,1,42,27,租住,德国,欧洲Master卡,0
29,2300,1,3,30,15,租住,德国,无信用卡,1
45,2700,0,1,999,192,自有,德国,无信用卡,1
26,2500,0,1,18,108,缺失,德国,无信用卡,0
24,2000,0,1,168,24,租住,土耳其,无信用卡,1
31,2400,0,1,3,192,缺失,德国,无信用卡,0
30,1800,2,4,120,144,缺失,德国,无信用卡,1
29,1500,2,4,72,6,租住,德国,无信用卡,1
29,2500,0,1,48,72,租住,南斯拉夫,支票账户,1
28,2500,1,3,312,120,租住,德国,无信用卡,0
27,0,0,1,84,15,租住,德国,支票账户,1
23,3300,0,1,42,45,租住,德国,无信用卡,1
49,2500,1,2,6,144,租住,德国,无信用卡,0
25,0,0,2,48,21,租住,德国,支票账户,0
46,3200,0,2,216,288,租住,土耳其,无信用卡,0
37,2100,3,5,3,45,租住,希腊,无信用卡,1
33,1800,1,2,54,42,租住,德国,无信用卡,0
28,2600,1,3,30,39,租住,德国,无信用卡,0
24,2300,0,1,9,24,租住,德国,无信用卡,0
34,2700,1,2,36,24,租住,德国,无信用卡,0
33,5000,2,4,9,216,租住,德国,无信用卡,0
24,2000,0,1,288,60,租住,德国,无信用卡,1
41,2800,1,3,15,336,租住,德国,无信用卡,0
62,0,0,2,168,15,租住,德国,支票账户,0
43,2600,1,3,240,288,租住,德国,无信用卡,0
36,2300,0,1,48,42,租住,其它非欧洲国家,无信用卡,1
32,0,0,1,312,120,租住,德国,支票账户,0
26,0,1,3,36,18,租住,德国,支票账户,1
45,3300,1,3,288,288,缺失,德国,无信用卡,1
25,3000,1,3,21,18,缺失,德国,无信用卡,1
36,3000,3,5,24,24,租住,德国,无信用卡,0
31,3100,2,4,144,120,自有,德国,无信用卡,0
30,1800,0,1,9,21,租住,德国,支票账户,1
29,0,1,3,54,144,租住,土耳其,支票账户,0
40,2400,0,1,84,33,租住,其它欧洲国家,无信用卡,0
38,1500,1,3,6,27,租住,德国,无信用卡,1
24,2200,0,1,9,45,租住,德国,无信用卡,1
30,0,2,4,36,84,租住,德国,支票账户,1
27,1600,0,1,15,45,租住,德国,无信用卡,1
67,3500,0,2,240,24,自有,德国,支票账户,0
43,3500,1,3,96,240,自有,德国,无信用卡,0
42,10000,2,4,96,192,租住,德国,支票账户,1
39,0,2,3,66,42,租住,德国,支票账户,1
34,2500,0,1,3,54,租住,德国,无信用卡,0
62,1000,0,2,12,48,租住,土耳其,无信用卡,1
41,2300,2,4,42,39,租住,德国,无信用卡,1
48,2900,1,3,3,39,租住,德国,无信用卡,0
40,2200,2,3,84,39,缺失,德国,其它信用卡,0
32,2300,0,2,120,120,租住,德国,无信用卡,0
31,5000,1,3,24,96,缺失,德国,无信用卡,1
27,1800,0,1,6,6,租住,德国,无信用卡,1
35,2300,0,1,120,24,租住,土耳其,无信用卡,0
34,2500,1,3,144,84,缺失,德国,无信用卡,0
31,3000,2,4,6,30,租住,德国,无信用卡,0
25,1500,1,3,54,18,租住,德国,无信用卡,1
25,0,0,1,12,12,租住,德国,支票账户,1
24,1700,0,1,15,54,缺失,德国,无信用卡,1
57,2000,0,2,168,12,租住,德国,无信用卡,0
33,0,0,1,42,192,租住,德国,支票账户,0
32,1500,2,3,12,84,缺失,德国,无信用卡,1
32,0,0,1,60,36,租住,德国,支票账户,0
30,0,0,1,6,192,租住,德国,支票账户,0
45,5000,2,4,192,33,租住,其它欧洲国家,无信用卡,0
34,2000,2,3,42,9,租住,德国,无信用卡,1
53,0,2,3,999,336,租住,德国,支票账户,0
27,3000,1,3,9,39,租住,其它非欧洲国家,无信用卡,1
43,0,1,3,60,45,租住,德国,支票账户,0
47,1900,0,1,999,12,租住,德国,无信用卡,0
29,2800,0,2,30,27,租住,德国,无信用卡,0
26,2900,0,1,312,108,缺失,德国,无信用卡,1
47,1500,2,4,36,24,缺失,德国,无信用卡,0
37,2600,3,5,168,216,缺失,意大利,无信用卡,0
58,2900,2,4,192,168,租住,德国,无信用卡,0
54,3500,0,2,240,216,自有,德国,无信用卡,0
39,2300,2,3,96,60,租住,德国,无信用卡,0
36,3300,1,3,120,21,租住,其它非欧洲国家,无信用卡,0
34,2800,1,3,3,60,租住,德国,无信用卡,0
28,2200,0,2,12,108,租住,德国,无信用卡,0
25,2300,0,1,30,108,租住,德国,无信用卡,1
37,3200,2,4,3,12,租住,德国,无信用卡,0
43,1800,0,1,36,21,租住,德国,无信用卡,1
37,1700,0,1,84,6,租住,德国,无信用卡,1
37,2600,2,3,48,168,租住,德国,无信用卡,1
25,2600,1,3,192,18,租住,土耳其,无信用卡,1
37,2900,3,4,9,120,租住,德国,无信用卡,1
28,0,0,1,42,66,租住,德国,支票账户,1
28,2500,1,3,42,144,租住,德国,无信用卡,0
24,1600,2,3,6,66,缺失,德国,无信用卡,1
55,3000,2,4,30,54,租住,德国,无信用卡,1
38,3500,1,3,96,192,租住,德国,无信用卡,0
34,2000,0,1,66,42,租住,德国,无信用卡,0
43,0,0,2,168,48,租住,德国,支票账户,0
41,2300,2,4,48,45,租住,德国,无信用卡,1
39,3100,2,4,36,54,租住,德国,无信用卡,1
23,0,0,1,216,33,租住,德国,支票账户,0
36,2200,2,4,144,45,租住,德国,无信用卡,1
32,4000,1,3,30,15,租住,德国,无信用卡,1
45,10000,0,1,30,39,租住,德国,无信用卡,1
41,3400,2,4,999,240,自有,德国,无信用卡,0
26,1900,0,2,24,6,租住,土耳其,无信用卡,1
25,0,0,1,42,21,租住,德国,支票账户,0
31,2000,0,2,36,144,租住,德国,无信用卡,1
28,2400,2,4,30,3,缺失,德国,无信用卡,1
24,2800,0,1,3,54,租住,德国,无信用卡,1
23,2000,0,1,6,9,租住,土耳其,无信用卡,1
55,3000,0,2,288,999,租住,德国,无信用卡,1
35,3200,0,1,999,84,租住,德国,无信用卡,1
53,4000,0,1,144,288,缺失,德国,无信用卡,0
35,2900,2,4,6,66,租住,德国,无信用卡,1
31,2400,0,1,264,9,租住,德国,无信用卡,1
31,2800,1,3,240,96,租住,德国,无信用卡,0
24,2500,0,1,3,21,租住,德国,无信用卡,0
24,2300,0,1,108,39,租住,土耳其,无信用卡,1
57,4000,2,4,192,999,租住,德国,无信用卡,1
43,2600,1,3,30,27,缺失,德国,无信用卡,0
35,0,2,4,216,240,租住,德国,支票账户,0
27,2900,0,2,36,42,租住,德国,欧洲Master卡,0
26,0,1,3,24,72,租住,德国,支票账户,0
47,0,0,1,30,39,租住,德国,支票账户,1
26,0,0,1,21,24,租住,德国,支票账户,0
45,0,2,4,21,240,租住,德国,支票账户,0
33,2100,0,1,0,33,缺失,德国,无信用卡,0
26,0,0,1,24,60,租住,德国,支票账户,0
51,5000,2,4,168,999,租住,德国,无信用卡,0
26,2200,0,1,48,45,租住,其它非欧洲国家,无信用卡,1
26,2500,1,3,168,6,租住,德国,无信用卡,1
36,0,2,4,84,9,缺失,德国,支票账户,0
29,2400,1,2,6,27,租住,德国,无信用卡,1
27,3100,0,1,6,36,租住,德国,无信用卡,0
36,0,0,1,84,42,租住,德国,支票账户,0
38,2300,2,4,6,15,租住,德国,无信用卡,1
24,2200,0,1,18,6,租住,德国,无信用卡,0
23,2200,0,1,168,12,缺失,德国,无信用卡,1
33,2700,0,1,120,144,缺失,德国,无信用卡,1
27,1800,0,1,192,15,缺失,德国,其它信用卡,1
43,2700,1,2,12,42,租住,德国,无信用卡,0
35,0,0,1,60,108,租住,德国,支票账户,1
29,3000,3,5,84,36,自有,德国,无信用卡,0
23,2000,0,1,30,30,缺失,德国,无信用卡,1
31,2500,1,3,84,144,缺失,德国,支票账户,0
30,2300,0,2,30,9,缺失,德国,支票账户,0
30,2500,0,2,30,54,租住,德国,无信用卡,1
65,2600,0,2,168,48,租住,德国,无信用卡,0
49,5000,1,3,192,54,租住,德国,无信用卡,1
26,2300,1,2,15,54,租住,德国,无信用卡,0
47,0,0,2,9,15,租住,德国,支票账户,0
37,0,0,1,24,6,租住,德国,支票账户,1
29,1500,1,3,12,24,缺失,德国,无信用卡,0
29,1500,0,1,66,6,租住,德国,无信用卡,1
23,1700,1,2,21,24,租住,德国,无信用卡,1
35,4000,3,5,18,96,缺失,德国,支票账户,1
32,5000,1,3,36,60,租住,德国,无信用卡,0
29,2700,2,4,42,15,租住,德国,无信用卡,0
27,3500,3,5,21,84,租住,德国,无信用卡,1
49,2300,3,5,84,6,缺失,土耳其,无信用卡,1
47,0,0,2,216,240,租住,德国,支票账户,0
41,2500,1,3,72,72,租住,德国,无信用卡,0
39,0,2,4,84,96,租住,德国,支票账户,0
32,2800,1,3,54,54,租住,德国,无信用卡,0
29,2500,0,1,264,72,租住,德国,无信用卡,1
54,1900,0,2,240,120,租住,土耳其,无信用卡,0
29,2700,1,3,6,66,租住,德国,无信用卡,1
26,2800,1,3,9,27,租住,土耳其,无信用卡,1
53,0,0,2,192,288,租住,德国,支票账户,0
41,3000,0,2,84,6,自有,德国,无信用卡,1
24,1500,0,1,3,33,租住,德国,无信用卡,1
33,2200,2,3,144,3,租住,德国,无信用卡,1
39,4000,2,4,42,168,租住,德国,无信用卡,0
30,2100,0,2,360,192,租住,德国,支票账户,0
28,2300,0,2,0,54,租住,德国,无信用卡,0
26,2000,0,1,3,9,租住,德国,无信用卡,1
33,2500,0,1,3,12,租住,德国,无信用卡,1
32,2600,3,5,999,6,缺失,德国,无信用卡,0
31,2500,1,3,3,15,租住,德国,无信用卡,1
30,3200,3,5,60,96,自有,土耳其,无信用卡,1
24,1900,0,1,120,18,租住,德国,欧洲Master卡,0
23,2000,0,1,21,72,租住,德国,无信用卡,0
48,3000,0,2,48,336,租住,德国,无信用卡,0
39,2300,2,4,60,45,租住,德国,无信用卡,0
38,2700,2,4,60,54,缺失,德国,无信用卡,1
34,1900,0,1,84,18,缺失,德国,无信用卡,0
29,3400,0,2,3,108,租住,德国,无信用卡,1
28,2700,0,1,12,108,租住,德国,无信用卡,0
27,2500,0,2,15,66,缺失,德国,无信用卡,0
53,2600,0,2,360,84,缺失,德国,无信用卡,1
36,0,2,4,48,33,租住,德国,支票账户,1
26,2300,0,1,264,27,租住,德国,无信用卡,1
40,0,0,1,264,288,租住,德国,支票账户,0
38,2800,2,4,144,192,缺失,德国,无信用卡,0
24,1500,1,3,24,84,缺失,德国,无信用卡,1
43,2800,0,2,6,288,缺失,德国,无信用卡,1
33,0,0,2,120,168,缺失,德国,支票账户,0
25,2700,2,4,9,45,租住,土耳其,无信用卡,1
25,3000,2,4,9,42,租住,土耳其,无信用卡,1
24,0,0,1,6,66,租住,德国,支票账户,0
42,3000,2,4,6,66,租住,德国,无信用卡,1
42,0,0,2,144,15,租住,德国,支票账户,0
26,2300,0,1,72,42,缺失,土耳其,无信用卡,1
23,1500,0,1,144,9,缺失,德国,支票账户,0
46,1000,2,4,144,15,租住,土耳其,无信用卡,1
28,3000,0,1,288,144,租住,德国,欧洲Master卡,0
28,0,0,2,9,33,租住,德国,支票账户,0
26,2800,2,4,120,108,租住,土耳其,无信用卡,0
25,0,0,1,15,84,租住,德国,支票账户,0
30,2400,0,1,54,54,租住,德国,无信用卡,1
26,2600,0,1,6,9,租住,德国,无信用卡,1
24,1700,0,1,288,3,租住,德国,无信用卡,0
59,1800,0,1,264,192,缺失,德国,支票账户,0
41,2100,0,2,84,168,租住,德国,无信用卡,0
34,2000,3,5,120,15,租住,土耳其,无信用卡,0
30,4000,2,4,120,27,租住,德国,无信用卡,1
43,1500,1,3,264,6,缺失,德国,无信用卡,0
36,0,0,2,48,21,租住,德国,支票账户,0
35,3500,1,3,54,240,自有,德国,无信用卡,0
32,2500,0,2,15,9,自有,德国,无信用卡,1
30,2000,0,1,6,60,租住,德国,无信用卡,1
34,3100,2,4,48,45,租住,土耳其,无信用卡,0
32,0,2,4,36,48,租住,德国,支票账户,0
29,2900,1,2,3,45,租住,德国,无信用卡,1
23,2600,0,2,30,33,缺失,土耳其,无信用卡,1
31,2500,1,3,120,72,自有,其它非欧洲国家,无信用卡,1
26,10000,0,1,84,15,缺失,德国,无信用卡,1
37,3500,0,2,96,108,租住,德国,无信用卡,0
27,2800,2,4,24,12,租住,德国,无信用卡,1
27,3000,0,2,3,66,租住,德国,无信用卡,1
23,3500,2,4,48,48,缺失,德国,支票账户,1
23,2800,0,1,108,27,租住,德国,无信用卡,0
57,1700,1,3,18,21,自有,德国,无信用卡,0
27,1600,0,1,9,9,租住,德国,无信用卡,1
37,2300,0,2,18,6,缺失,德国,无信用卡,0
30,10000,0,1,6,60,租住,德国,支票账户,1
27,0,1,3,60,84,租住,德国,支票账户,0
23,0,0,1,96,15,缺失,德国,支票账户,1
43,4000,2,4,120,168,缺失,德国,无信用卡,0
42,0,0,1,96,72,租住,德国,支票账户,1
34,10000,1,3,0,84,租住,德国,无信用卡,0
32,4000,2,4,21,54,自有,德国,无信用卡,0
27,2700,1,3,336,15,租住,德国,无信用卡,1
40,10000,3,5,48,84,自有,德国,支票账户,0
37,2500,0,1,168,30,租住,德国,无信用卡,1
30,0,0,2,30,6,租住,德国,支票账户,1
25,2500,0,1,6,24,租住,希腊,无信用卡,1
24,2400,0,1,18,108,缺失,德国,无信用卡,1
23,2200,0,1,21,3,缺失,德国,无信用卡,0
50,3200,0,2,168,240,租住,德国,无信用卡,0
49,1500,0,2,312,120,租住,德国,无信用卡,1
43,2900,0,2,66,66,缺失,德国,无信用卡,1
38,0,3,4,3,12,租住,希腊,支票账户,0
44,3300,0,2,192,30,租住,德国,无信用卡,0
26,3500,0,1,54,30,缺失,德国,无信用卡,1
24,2000,1,3,12,12,租住,希腊,无信用卡,0
31,1800,2,4,42,84,自有,德国,无信用卡,1
29,2500,0,1,192,60,租住,德国,无信用卡,1
27,2000,0,2,3,36,租住,德国,无信用卡,0
27,0,0,1,3,33,租住,德国,支票账户,0
43,0,2,4,216,336,租住,意大利,支票账户,0
36,5000,4,6,120,288,缺失,土耳其,无信用卡,0
31,3000,2,4,66,168,租住,土耳其,无信用卡,0
45,2500,0,1,6,21,租住,其它欧洲国家,无信用卡,1
37,2300,0,1,12,144,租住,德国,无信用卡,1
23,4000,1,3,288,6,租住,土耳其,无信用卡,1
23,2000,0,1,264,12,租住,德国,无信用卡,1
41,1800,3,5,48,108,缺失,德国,无信用卡,0
33,3500,0,1,54,39,租住,德国,无信用卡,0
30,4000,2,4,48,120,租住,德国,无信用卡,1
25,3200,0,2,36,12,租住,德国,无信用卡,0
34,3500,1,3,9,6,租住,德国,无信用卡,1
26,2400,0,1,42,42,租住,德国,无信用卡,1
26,1500,0,1,18,6,租住,德国,无信用卡,1
24,1500,0,1,0,9,缺失,德国,无信用卡,0
23,2500,0,1,6,36,租住,德国,无信用卡,0
23,2400,0,2,0,15,租住,德国,无信用卡,0
28,3400,1,3,36,66,租住,德国,无信用卡,1
25,3500,0,1,36,33,租住,德国,无信用卡,1
35,1700,2,4,12,12,租住,德国,无信用卡,1
32,1600,1,3,30,12,租住,德国,无信用卡,1
26,1500,1,3,36,36,租住,土耳其,无信用卡,0
26,2500,2,4,3,12,租住,土耳其,无信用卡,0
23,1800,0,1,288,66,租住,德国,无信用卡,1
27,1900,0,1,9,9,租住,其它欧洲国家,无信用卡,1
26,2600,2,4,54,39,租住,希腊,无信用卡,0
55,2100,0,2,999,108,自有,德国,无信用卡,1
55,0,0,2,240,54,租住,德国,支票账户,0
32,0,0,2,42,120,租住,德国,支票账户,0
25,2500,1,3,21,60,缺失,德国,无信用卡,0
47,1500,0,1,30,30,租住,其它非欧洲国家,无信用卡,0
31,3000,0,2,24,24,租住,德国,无信用卡,0
41,0,1,3,9,12,租住,德国,支票账户,1
40,3000,5,7,108,42,缺失,德国,无信用卡,1
37,1800,4,5,312,84,租住,德国,无信用卡,1
29,1000,1,3,30,15,租住,土耳其,无信用卡,0
57,2200,3,5,66,288,租住,德国,无信用卡,1
46,5000,4,6,168,192,租住,德国,无信用卡,0
40,0,0,1,108,15,租住,德国,支票账户,1
35,2700,0,1,120,27,自有,德国,无信用卡,1
27,3500,0,1,12,30,租住,德国,无信用卡,1
60,3000,4,6,30,336,自有,土耳其,无信用卡,1
46,3000,0,2,54,336,租住,德国,无信用卡,0
25,1800,1,2,108,9,租住,德国,无信用卡,1
37,3000,0,1,3,12,租住,德国,无信用卡,1
45,1700,0,1,120,120,租住,德国,无信用卡,1
28,3000,2,4,6,12,租住,德国,无信用卡,0
25,0,0,1,9,60,租住,德国,支票账户,1
25,0,0,1,312,6,租住,德国,支票账户,1
25,2300,0,1,42,72,缺失,德国,无信用卡,1
24,2000,0,1,30,27,租住,德国,无信用卡,1
43,3000,1,3,144,3,缺失,德国,无信用卡,1
37,1800,0,2,120,120,缺失,德国,支票账户,0
29,0,1,3,30,168,租住,德国,支票账户,0
23,0,0,1,288,15,租住,德国,支票账户,0
33,1500,2,4,84,18,租住,希腊,无信用卡,1
30,3500,2,4,3,12,租住,土耳其,无信用卡,0
38,3500,1,3,108,36,租住,其它非欧洲国家,无信用卡,0
35,3200,0,1,108,27,租住,德国,无信用卡,1
24,1500,0,1,9,27,租住,德国,无信用卡,1
24,2800,1,3,12,12,租住,德国,无信用卡,1
51,0,0,2,72,240,缺失,德国,支票账户,0
39,2500,2,4,168,66,租住,土耳其,无信用卡,0
68,2500,0,2,42,144,租住,德国,无信用卡,0
23,2000,0,1,15,15,租住,德国,无信用卡,1
50,2400,0,1,999,999,缺失,德国,无信用卡,0
39,5000,0,1,360,144,租住,德国,无信用卡,1
39,4000,2,4,72,72,租住,德国,无信用卡,1
37,3000,1,3,84,288,租住,土耳其,无信用卡,0
62,1600,0,1,72,21,租住,德国,无信用卡,0
49,5000,1,3,240,288,缺失,德国,无信用卡,0
40,2000,1,3,72,33,租住,土耳其,无信用卡,0
33,2300,0,1,84,84,缺失,德国,无信用卡,0
31,2200,2,3,30,9,缺失,德国,无信用卡,1
27,2600,0,1,9,30,租住,其它欧洲国家,无信用卡,1
25,0,0,1,3,39,租住,德国,支票账户,0
45,0,0,1,9,336,租住,德国,支票账户,0
23,2800,0,1,6,12,租住,德国,无信用卡,0
45,3500,2,4,9,12,租住,德国,无信用卡,0
28,3000,0,2,6,168,租住,德国,无信用卡,1
28,1700,0,1,48,9,缺失,德国,无信用卡,1
27,3500,1,3,12,21,租住,德国,无信用卡,1
26,3300,2,4,36,39,缺失,德国,无信用卡,1
24,2200,0,1,12,12,租住,其它欧洲国家,无信用卡,0
38,4000,2,4,54,21,租住,德国,无信用卡,1
38,2000,0,1,12,6,租住,德国,无信用卡,1
33,4000,1,3,3,15,租住,德国,无信用卡,1
27,0,0,1,336,12,租住,德国,支票账户,0
26,3300,0,2,24,33,租住,其它非欧洲国家,无信用卡,0
57,1500,0,2,168,21,租住,德国,无信用卡,0
51,2800,0,2,168,999,租住,德国,无信用卡,0
26,1800,2,4,72,6,租住,德国,无信用卡,1
23,2300,0,1,36,9,租住,德国,无信用卡,1
30,0,0,2,288,48,租住,德国,支票账户,0
25,2200,0,1,18,30,租住,德国,无信用卡,0
38,3400,4,6,144,168,缺失,土耳其,无信用卡,1
27,2500,0,2,15,30,缺失,德国,无信用卡,0
37,2200,0,1,48,12,租住,德国,无信用卡,1
31,3000,1,3,18,9,租住,其它非欧洲国家,无信用卡,1
31,2600,0,2,3,48,租住,土耳其,无信用卡,0
27,2200,2,4,0,120,租住,德国,无信用卡,1
42,2000,2,4,21,6,缺失,土耳其,无信用卡,0
30,2800,0,1,24,108,租住,德国,无信用卡,0
27,2500,0,1,9,9,租住,其它欧洲国家,无信用卡,1
35,2300,1,2,168,84,租住,德国,无信用卡,1
30,2300,0,2,0,60,租住,土耳其,无信用卡,0
29,3500,0,2,21,21,租住,德国,无信用卡,0
26,2300,1,3,9,9,租住,意大利,无信用卡,1
26,2600,1,3,30,15,缺失,德国,无信用卡,1
25,0,1,3,21,3,租住,土耳其,支票账户,1
56,0,0,2,36,24,租住,土耳其,支票账户,0
35,0,3,5,108,108,租住,德国,支票账户,0
28,2100,3,5,6,18,租住,德国,无信用卡,1
27,1700,0,1,9,6,租住,其它非欧洲国家,无信用卡,1
32,1500,0,1,30,84,缺失,德国,无信用卡,0
29,2200,1,3,96,144,缺失,德国,无信用卡,1
23,2600,0,1,3,66,租住,德国,无信用卡,1
42,3100,4,6,999,39,自有,德国,无信用卡,1
37,2500,2,4,15,18,租住,德国,无信用卡,0
36,0,2,4,9,72,租住,其它非欧洲国家,支票账户,0
32,2700,23,25,6,6,租住,德国,无信用卡,0
28,1000,1,3,42,21,租住,德国,无信用卡,0
27,2000,0,1,12,12,租住,德国,无信用卡,1
24,1900,0,2,54,30,租住,德国,无信用卡,0
48,2400,1,3,144,192,租住,土耳其,无信用卡,0
36,3500,3,5,36,108,自有,德国,无信用卡,1
26,2400,1,3,84,120,租住,土耳其,无信用卡,0
26,2000,0,1,72,3,租住,德国,无信用卡,1
34,2500,1,2,96,60,缺失,德国,无信用卡,1
26,0,1,2,3,3,租住,德国,支票账户,1
26,2600,1,2,9,54,租住,德国,无信用卡,1
26,1600,0,2,18,54,租住,德国,无信用卡,1
23,2400,1,3,24,27,缺失,土耳其,无信用卡,0
29,3300,0,1,24,9,租住,德国,无信用卡,1
58,1500,0,2,168,54,租住,土耳其,无信用卡,1
39,3400,2,4,96,192,租住,德国,无信用卡,0
26,2000,0,1,312,3,缺失,德国,无信用卡,1
51,1000,0,1,240,36,租住,德国,无信用卡,1
48,3300,2,4,54,21,租住,德国,无信用卡,1
40,3100,1,3,144,168,缺失,德国,无信用卡,0
30,4000,2,4,42,168,租住,土耳其,无信用卡,0
25,3200,1,3,30,6,租住,德国,无信用卡,1
69,0,0,1,999,144,租住,德国,支票账户,0
67,1500,0,2,24,96,租住,德国,无信用卡,0
39,1800,0,2,144,48,租住,德国,无信用卡,1
34,3300,1,2,3,120,缺失,德国,支票账户,0
30,0,0,1,48,36,租住,德国,支票账户,0
27,0,0,2,60,18,租住,德国,支票账户,0
35,2800,2,4,999,66,自有,德国,无信用卡,1
23,2000,0,1,30,6,租住,德国,无信用卡,0
50,5000,1,3,264,66,自有,德国,无信用卡,0
38,0,5,7,144,144,租住,德国,支票账户,0
27,2400,1,3,3,33,租住,其它非欧洲国家,无信用卡,0
37,4000,1,3,96,30,租住,其它非欧洲国家,支票账户,1
31,0,1,2,54,54,租住,德国,支票账户,0
28,0,1,2,66,12,租住,德国,支票账户,1
24,2700,0,2,48,12,缺失,德国,无信用卡,1
23,2500,2,4,36,72,租住,德国,无信用卡,1
39,2700,2,4,216,216,自有,德国,无信用卡,0
28,2500,2,3,12,18,租住,其它非欧洲国家,无信用卡,1
61,2300,0,1,999,0,缺失,德国,无信用卡,0
54,0,1,3,168,999,租住,德国,支票账户,0
41,0,0,1,36,24,租住,德国,支票账户,0
33,2500,1,3,6,144,租住,德国,无信用卡,1
31,3000,2,4,84,39,租住,德国,无信用卡,1
27,1500,0,1,3,9,租住,德国,无信用卡,1
26,3300,0,1,9,30,租住,德国,运通卡,1
33,0,2,4,36,36,租住,德国,支票账户,0
31,3100,2,4,66,18,租住,德国,无信用卡,1
29,0,0,1,9,21,租住,德国,支票账户,0
23,2200,0,1,24,54,缺失,德国,无信用卡,1
30,1500,1,2,18,18,租住,德国,无信用卡,0
30,0,0,2,24,9,租住,其它非欧洲国家,欧洲Master卡,0
35,0,0,2,3,84,租住,其它非欧洲国家,支票账户,0
45,1900,1,2,15,12,租住,德国,无信用卡,1
26,1900,0,1,6,0,租住,德国,支票账户,0
61,2500,0,2,24,33,租住,德国,无信用卡,0
51,4000,1,3,168,288,缺失,德国,无信用卡,0
45,4000,2,4,54,84,租住,土耳其,无信用卡,1
30,0,0,2,21,96,租住,德国,支票账户,0
25,1800,0,1,12,6,租住,德国,无信用卡,1
24,4000,1,3,24,3,自有,德国,支票账户,1
69,1500,0,1,9,72,租住,德国,无信用卡,1
56,2500,1,3,192,288,缺失,土耳其,无信用卡,0
28,0,0,2,3,12,租住,德国,欧洲Master卡,0
37,3300,1,3,96,21,租住,其它非欧洲国家,无信用卡,0
29,1500,2,3,30,15,租住,德国,无信用卡,1
23,2800,0,1,288,21,租住,德国,无信用卡,1
50,4000,3,5,168,168,缺失,德国,无信用卡,1
40,2700,1,2,96,288,租住,德国,无信用卡,1
45,0,0,1,48,48,缺失,德国,支票账户,1
38,1500,1,3,6,6,租住,希腊,无信用卡,0
27,2100,1,2,144,9,租住,希腊,无信用卡,0
26,0,0,1,96,3,租住,德国,支票账户,1
46,2900,4,6,168,192,租住,南斯拉夫,支票账户,1
40,0,0,1,15,108,租住,德国,支票账户,0
33,2800,2,4,192,45,租住,德国,无信用卡,1
24,2000,0,1,3,36,租住,德国,无信用卡,1
41,3400,2,4,192,9,自有,德国,无信用卡,1
28,1800,0,1,72,12,租住,希腊,无信用卡,0
24,0,0,1,21,84,缺失,德国,支票账户,0
46,2400,0,2,9,6,租住,德国,无信用卡,0
42,1500,0,1,30,30,租住,德国,无信用卡,1
35,1000,0,2,60,15,租住,其它非欧洲国家,无信用卡,1
34,3500,1,3,84,60,缺失,德国,无信用卡,1
31,1700,0,1,42,39,租住,德国,无信用卡,1
24,1600,0,1,36,60,租住,德国,无信用卡,1
23,2200,0,2,3,27,租住,德国,无信用卡,1
32,2600,0,1,12,120,租住,德国,无信用卡,0
24,2400,0,1,48,15,缺失,其它欧洲国家,无信用卡,1
47,4000,1,2,12,108,租住,德国,无信用卡,1
29,2000,0,1,24,27,租住,德国,无信用卡,1
41,10000,1,3,54,144,自有,德国,支票账户,1
27,0,0,1,108,108,租住,德国,支票账户,1
38,4000,0,1,96,15,租住,德国,无信用卡,0
65,1800,0,1,96,96,缺失,德国,无信用卡,1
40,1500,0,1,48,15,租住,德国,无信用卡,1
27,1900,0,1,9,6,缺失,德国,无信用卡,1
44,0,0,2,288,72,缺失,德国,支票账户,1
38,1900,2,3,120,96,租住,德国,无信用卡,1
38,3000,2,4,84,54,租住,其它非欧洲国家,运通卡,0
34,3500,1,2,96,6,租住,德国,无信用卡,1
30,0,1,3,12,48,租住,德国,支票账户,0
23,1800,1,2,3,27,缺失,德国,无信用卡,1
51,2500,1,3,240,240,缺失,土耳其,无信用卡,0
43,3500,2,3,264,66,缺失,德国,无信用卡,0
27,3000,0,2,21,60,租住,德国,无信用卡,1
25,2200,0,1,240,6,租住,德国,无信用卡,1
23,1800,0,1,168,48,缺失,德国,支票账户,1
41,0,2,4,168,18,租住,德国,支票账户,1
39,2200,1,2,15,9,缺失,德国,无信用卡,0
37,3500,2,4,66,54,租住,德国,无信用卡,0
37,2500,1,3,66,66,租住,德国,无信用卡,0
26,2400,0,1,96,15,缺失,德国,无信用卡,0
26,2100,1,2,12,18,租住,德国,无信用卡,1
38,2500,2,4,66,60,缺失,德国,无信用卡,1
33,1700,2,4,120,9,租住,德国,无信用卡,1
29,3000,2,4,12,12,租住,其它非欧洲国家,无信用卡,1
50,5000,0,2,66,66,租住,德国,无信用卡,0
33,2100,2,4,84,96,自有,德国,无信用卡,0
49,3000,0,2,120,336,租住,土耳其,无信用卡,1
38,2700,1,2,21,21,租住,德国,无信用卡,1
34,4000,3,5,84,216,租住,德国,无信用卡,1
31,1700,0,2,12,9,租住,其它非欧洲国家,无信用卡,1
24,2500,3,5,54,3,租住,土耳其,无信用卡,1
23,2300,0,1,192,36,租住,德国,无信用卡,0
23,2500,0,1,21,18,缺失,希腊,无信用卡,1
45,2100,0,1,36,36,缺失,德国,无信用卡,1
30,1000,0,2,120,45,租住,德国,无信用卡,0
26,0,1,2,12,3,租住,德国,支票账户,0
59,1900,0,1,999,999,缺失,德国,无信用卡,0
39,2500,2,4,36,27,租住,德国,无信用卡,0
38,2500,0,1,144,54,租住,德国,无信用卡,1
25,2700,0,1,48,18,租住,德国,无信用卡,1
32,3500,2,4,264,24,租住,土耳其,无信用卡,0
47,0,0,2,144,18,租住,德国,支票账户,0
40,5000,2,4,48,240,自有,德国,无信用卡,0
37,0,0,1,36,168,租住,德国,欧洲Master卡,0
23,3000,1,3,30,15,租住,德国,无信用卡,0
31,0,3,5,120,9,租住,德国,支票账户,1
31,1500,1,2,84,30,租住,德国,无信用卡,0
29,4000,3,5,96,108,租住,德国,无信用卡,0
25,2300,0,1,9,96,租住,德国,无信用卡,1
65,1900,0,1,21,60,租住,德国,无信用卡,0
39,2000,2,3,36,84,缺失,德国,无信用卡,1
35,4000,3,5,120,21,租住,德国,无信用卡,1
31,3000,0,1,120,9,租住,德国,无信用卡,1
26,2900,0,1,264,6,租住,德国,无信用卡,1
67,2000,0,1,42,108,租住,德国,无信用卡,1
39,3500,2,4,312,336,租住,德国,无信用卡,1
34,0,0,1,54,42,租住,德国,支票账户,1
29,2200,0,1,9,33,缺失,其它欧洲国家,无信用卡,1
34,4000,1,3,144,42,缺失,德国,无信用卡,0
33,3000,0,2,999,120,缺失,德国,无信用卡,0
26,3500,2,4,3,48,租住,德国,无信用卡,1
54,2700,0,2,6,39,租住,德国,无信用卡,0
34,2200,1,3,144,60,租住,希腊,无信用卡,1
31,1500,3,5,66,36,自有,德国,无信用卡,1
41,2600,1,2,168,288,租住,德国,无信用卡,1
37,2300,3,5,84,39,租住,土耳其,无信用卡,0
27,1500,0,1,42,12,租住,德国,无信用卡,1
53,0,3,5,264,336,租住,德国,支票账户,0
47,5000,0,2,60,66,租住,德国,无信用卡,0
38,2400,3,5,36,24,自有,德国,无信用卡,1
37,10000,2,4,42,36,租住,其它非欧洲国家,支票账户,1
24,2800,0,1,120,84,租住,德国,无信用卡,1
23,2200,0,1,288,84,租住,德国,无信用卡,0
40,4000,2,4,3,15,自有,德国,无信用卡,1
33,1900,1,3,999,216,租住,德国,无信用卡,1
31,0,2,4,3,96,租住,德国,支票账户,1
25,1700,0,1,48,33,租住,德国,无信用卡,1
55,2300,0,2,21,288,自有,德国,无信用卡,0
44,0,0,2,312,120,租住,德国,支票账户,0
42,0,0,2,216,336,租住,德国,支票账户,0
41,2900,0,1,42,144,租住,德国,无信用卡,1
30,0,0,1,0,108,租住,希腊,支票账户,1
28,3000,2,4,3,72,缺失,德国,支票账户,1
24,2700,0,1,72,3,租住,德国,无信用卡,0
23,2200,1,3,12,6,缺失,德国,无信用卡,1
30,0,0,1,3,9,租住,德国,支票账户,1
58,0,0,1,288,30,租住,德国,支票账户,0
57,2300,0,1,288,192,租住,德国,无信用卡,1
54,3000,0,2,360,999,自有,土耳其,无信用卡,0
41,3500,3,5,108,336,租住,德国,无信用卡,0
36,1500,1,2,144,288,租住,德国,无信用卡,0
31,5000,2,4,18,144,租住,德国,无信用卡,1
30,1800,2,4,18,15,自有,希腊,无信用卡,0
28,2400,1,3,9,6,租住,土耳其,无信用卡,1
46,3000,3,5,15,288,租住,土耳其,无信用卡,1
36,3000,1,3,240,66,租住,土耳其,无信用卡,1
26,3000,0,1,6,3,租住,德国,无信用卡,1
30,2000,0,1,192,21,租住,德国,无信用卡,1
28,3500,1,3,6,66,租住,德国,无信用卡,0
34,2800,0,2,30,45,租住,德国,无信用卡,1
28,3500,2,4,36,36,缺失,土耳其,无信用卡,1
51,2600,1,3,999,9,租住,德国,无信用卡,0
40,0,1,3,288,54,租住,德国,支票账户,0
25,2300,0,1,15,54,租住,德国,无信用卡,1
23,2500,1,3,192,72,缺失,土耳其,无信用卡,1
33,1500,1,3,72,3,缺失,德国,无信用卡,1
23,2200,0,1,168,66,租住,德国,无信用卡,1
65,1900,0,2,144,84,租住,德国,无信用卡,0
45,3000,2,4,168,288,缺失,德国,无信用卡,0
35,2600,4,6,48,12,租住,德国,无信用卡,1
35,1900,1,2,30,27,缺失,德国,无信用卡,1
35,0,2,4,9,216,租住,德国,支票账户,0
30,2600,2,4,6,12,缺失,土耳其,无信用卡,1
24,2600,0,1,60,6,租住,德国,无信用卡,1
24,2300,0,1,21,42,缺失,德国,无信用卡,0
64,1600,0,2,108,144,租住,德国,无信用卡,0
52,1800,0,1,6,84,租住,德国,无信用卡,1
31,2300,0,1,120,3,租住,德国,无信用卡,0
30,2400,0,1,108,96,租住,德国,无信用卡,1
43,1900,1,2,60,45,租住,德国,无信用卡,0
44,4000,2,4,999,27,租住,德国,无信用卡,1
31,0,0,1,42,39,租住,德国,支票账户,1
36,2700,2,4,240,60,租住,西班牙,无信用卡,1
34,1000,3,5,192,60,租住,土耳其,无信用卡,1
64,3500,0,2,144,120,缺失,德国,无信用卡,0
28,5000,0,2,21,84,租住,德国,无信用卡,0
36,1600,1,2,9,6,租住,德国,无信用卡,0
27,2800,0,1,84,24,租住,德国,无信用卡,0
24,3000,0,1,36,36,租住,德国,无信用卡,0
58,2700,2,3,999,21,租住,德国,无信用卡,1
47,4000,0,1,144,27,缺失,德国,无信用卡,0
30,0,1,2,9,120,租住,德国,支票账户,0
23,2000,0,1,12,24,租住,德国,无信用卡,1
30,2900,2,4,96,108,租住,德国,无信用卡,0
29,0,2,4,48,9,租住,德国,支票账户,0
68,1000,0,1,3,120,租住,德国,无信用卡,0
53,3200,0,1,48,45,租住,德国,无信用卡,0
30,2600,2,4,3,6,租住,德国,无信用卡,1
26,1700,0,1,6,30,租住,德国,无信用卡,0
25,2600,0,1,120,108,租住,德国,无信用卡,0
47,2900,0,2,192,192,自有,德国,无信用卡,1
45,1500,3,5,108,144,自有,德国,无信用卡,1
29,1600,1,3,84,6,租住,德国,无信用卡,0
45,1900,1,3,6,15,租住,德国,无信用卡,1
51,4000,0,1,18,192,租住,德国,无信用卡,0
33,2900,0,1,54,18,租住,德国,无信用卡,1
31,3200,2,4,9,66,缺失,德国,无信用卡,1
29,1600,0,1,12,18,租住,其它非欧洲国家,无信用卡,1
33,1500,1,2,96,27,租住,德国,无信用卡,0
33,2900,2,3,18,216,租住,德国,无信用卡,0
32,1600,2,4,144,30,缺失,土耳其,无信用卡,1
28,3500,0,2,36,33,自有,德国,无信用卡,1
26,3500,0,1,30,21,租住,德国,无信用卡,0
24,3000,0,1,9,30,租住,德国,无信用卡,1
27,2200,0,1,3,108,租住,德国,无信用卡,0
25,2300,0,1,72,24,租住,德国,无信用卡,1
45,2300,1,3,3,18,租住,德国,无信用卡,0
36,3500,0,1,54,21,租住,德国,支票账户,0
30,2300,0,1,18,72,租住,德国,无信用卡,1
32,1600,0,1,42,15,租住,德国,无信用卡,1
28,0,0,1,144,45,租住,德国,支票账户,0
26,1500,0,1,42,60,缺失,德国,无信用卡,1
26,2500,2,4,18,42,租住,德国,无信用卡,1
24,2100,0,1,30,6,租住,德国,无信用卡,1
23,1700,0,1,144,36,缺失,希腊,无信用卡,1
63,3000,0,1,21,21,租住,德国,无信用卡,0
47,3000,1,3,96,72,缺失,德国,无信用卡,0
43,0,1,3,48,45,租住,德国,支票账户,0
39,3500,5,7,12,192,租住,德国,无信用卡,0
29,2700,2,4,21,9,租住,德国,无信用卡,1
27,2700,0,1,336,9,缺失,德国,无信用卡,0
25,1500,0,1,12,45,租住,德国,无信用卡,0
25,2300,0,1,30,15,租住,德国,无信用卡,0
23,2800,1,3,24,48,租住,德国,无信用卡,1
57,2800,0,2,999,288,缺失,德国,无信用卡,1
41,2200,0,1,36,12,租住,其它非欧洲国家,无信用卡,1
36,10000,1,3,96,54,租住,德国,无信用卡,0
32,0,0,1,999,18,租住,德国,支票账户,0
29,2800,3,5,54,96,租住,德国,无信用卡,0
26,1500,0,2,30,15,租住,德国,无信用卡,1
26,1500,1,3,84,96,缺失,德国,支票账户,0
23,1500,0,1,18,12,租住,德国,无信用卡,1
31,0,2,4,21,9,租住,德国,支票账户,0
25,2500,1,3,3,9,租住,德国,无信用卡,1
63,3000,2,4,60,216,租住,德国,支票账户,0
36,1700,2,4,96,108,缺失,德国,无信用卡,0
34,0,2,4,54,30,租住,德国,支票账户,0
50,2500,1,3,360,168,缺失,德国,无信用卡,1
48,4000,0,2,216,999,缺失,德国,无信用卡,1
37,2600,0,2,60,48,租住,德国,无信用卡,0
44,2300,2,3,54,12,租住,德国,无信用卡,1
31,2600,0,1,9,72,租住,德国,无信用卡,0
25,2200,1,3,216,66,缺失,土耳其,无信用卡,1
25,0,0,1,9,48,租住,德国,支票账户,0
45,0,0,1,24,72,租住,德国,支票账户,0
34,3400,3,5,36,36,租住,德国,无信用卡,0
34,1500,2,3,192,144,租住,德国,无信用卡,1
33,2300,2,4,84,216,租住,德国,无信用卡,1
32,2300,1,2,36,15,租住,德国,无信用卡,1
56,1500,0,1,0,21,租住,德国,无信用卡,0
50,2100,0,2,3,39,自有,德国,无信用卡,0
33,0,1,3,36,36,租住,德国,支票账户,1
29,2300,1,3,18,18,租住,德国,无信用卡,0
27,2500,1,2,336,12,租住,德国,无信用卡,1
49,3400,0,1,144,18,缺失,德国,无信用卡,1
38,0,1,2,3,24,租住,其它非欧洲国家,支票账户,0
30,1800,2,3,108,15,租住,德国,无信用卡,1
28,1500,0,2,18,24,租住,土耳其,无信用卡,0
26,1800,0,2,120,60,租住,德国,无信用卡,1
56,2100,0,1,240,168,租住,德国,无信用卡,0
40,1500,1,3,60,60,租住,德国,无信用卡,1
29,1900,0,1,24,24,租住,德国,无信用卡,1
28,2000,0,1,336,54,租住,德国,无信用卡,1
43,1500,0,2,168,288,租住,德国,无信用卡,1
28,2600,0,1,15,54,缺失,德国,无信用卡,1
44,5000,5,7,216,288,缺失,南斯拉夫,无信用卡,0
38,3100,1,3,96,45,缺失,德国,无信用卡,0
32,3000,1,3,12,24,租住,德国,无信用卡,1
28,1500,0,1,18,6,缺失,德国,无信用卡,1
23,0,0,1,288,45,租住,德国,支票账户,1
49,5000,0,2,192,144,缺失,德国,无信用卡,1
24,3000,2,4,192,84,缺失,土耳其,无信用卡,1
40,2400,2,4,0,15,租住,德国,无信用卡,0
36,1800,3,4,18,24,租住,德国,无信用卡,1
36,5000,1,3,96,66,租住,德国,无信用卡,0
28,2300,0,2,30,9,租住,土耳其,无信用卡,1
27,3400,1,3,54,72,缺失,德国,无信用卡,1
25,5000,0,1,120,48,租住,德国,无信用卡,1
47,4000,1,3,192,288,缺失,德国,无信用卡,0
37,2500,0,1,9,12,租住,其它非欧洲国家,无信用卡,1
33,0,1,3,30,36,缺失,德国,支票账户,1
33,3500,5,7,264,12,缺失,德国,无信用卡,0
56,1600,0,1,54,18,租住,德国,无信用卡,0
41,0,3,4,15,15,租住,德国,支票账户,0
38,2500,0,1,3,18,租住,德国,无信用卡,1
29,2300,0,1,240,9,租住,德国,无信用卡,1
26,2800,2,4,24,12,租住,德国,无信用卡,0
26,2500,0,2,3,12,租住,德国,无信用卡,0
24,2200,0,1,30,3,租住,德国,无信用卡,1
51,1900,0,2,60,3,缺失,德国,支票账户,0
41,2800,1,3,36,48,租住,德国,无信用卡,1
40,3200,2,4,120,240,租住,其它非欧洲国家,无信用卡,1
34,0,2,4,120,216,租住,德国,支票账户,1
34,0,2,4,144,216,租住,德国,支票账户,1
26,0,0,1,12,21,租住,德国,支票账户,0
32,4000,1,3,15,66,自有,意大利,无信用卡,0
30,1800,2,4,6,15,租住,德国,无信用卡,0
24,1800,0,2,9,6,租住,德国,无信用卡,1
61,1600,0,1,21,45,租住,德国,无信用卡,0
29,1500,2,3,3,45,租住,德国,无信用卡,1
27,2500,0,1,6,54,缺失,德国,无信用卡,1
23,2000,0,1,84,72,租住,德国,无信用卡,1
27,3100,2,4,36,39,租住,德国,无信用卡,1
23,2400,0,2,168,84,租住,德国,无信用卡,0
43,5000,0,2,192,42,租住,德国,无信用卡,1
39,0,2,4,72,21,租住,德国,支票账户,0
36,3100,2,4,84,240,缺失,德国,无信用卡,0
29,2300,0,1,18,24,租住,德国,无信用卡,0
25,2200,1,3,48,36,租住,德国,无信用卡,1
23,1000,0,1,30,15,租住,德国,无信用卡,1
23,2700,1,3,12,54,租住,德国,无信用卡,1
29,3000,2,4,288,84,租住,土耳其,无信用卡,1
32,2800,2,4,36,9,租住,德国,无信用卡,1
32,3000,0,2,120,33,租住,土耳其,无信用卡,0
31,2700,3,4,120,6,租住,德国,无信用卡,1
41,3000,1,3,36,45,租住,德国,无信用卡,0
39,2400,2,4,66,66,租住,希腊,无信用卡,0
36,0,4,6,36,24,租住,德国,支票账户,1
35,1800,0,1,24,6,租住,其它非欧洲国家,无信用卡,1
29,0,2,4,168,168,租住,德国,支票账户,0
29,1600,0,1,6,21,租住,德国,无信用卡,1
46,1800,1,3,30,39,租住,德国,无信用卡,0
43,1500,1,3,144,72,租住,德国,无信用卡,0
38,2500,1,3,66,18,租住,德国,无信用卡,0
30,2300,0,2,0,9,租住,其它非欧洲国家,无信用卡,1
29,2600,0,1,21,18,租住,德国,无信用卡,1
28,2300,0,1,54,30,租住,德国,无信用卡,1
38,1500,1,3,96,48,租住,德国,无信用卡,0
53,1500,1,2,240,108,缺失,德国,无信用卡,0
28,0,1,2,42,39,租住,德国,支票账户,0
27,2300,0,1,6,12,租住,德国,无信用卡,1
26,2100,0,1,192,3,租住,德国,无信用卡,1
39,0,1,3,3,54,租住,德国,支票账户,0
28,3500,0,1,6,6,租住,其它欧洲国家,无信用卡,1
25,2000,0,1,288,9,缺失,德国,无信用卡,1
23,0,0,1,288,24,租住,德国,支票账户,0
67,2700,0,2,96,0,缺失,德国,无信用卡,0
32,3000,2,4,15,144,租住,德国,无信用卡,1
29,2500,0,2,24,96,租住,德国,无信用卡,0
23,2000,1,3,15,96,租住,德国,无信用卡,0
23,1800,0,1,3,9,租住,德国,无信用卡,1
51,2500,0,1,240,288,租住,其它非欧洲国家,无信用卡,0
44,2600,0,1,999,30,缺失,德国,支票账户,0
31,2400,0,2,18,30,租住,土耳其,无信用卡,1
30,1900,0,1,15,84,租住,德国,无信用卡,1
29,0,0,1,312,54,租住,德国,支票账户,1
24,2000,0,1,3,12,租住,德国,无信用卡,0
51,3500,1,3,36,288,缺失,土耳其,无信用卡,0
43,2500,1,3,96,36,租住,德国,无信用卡,1
42,1500,0,2,3,30,租住,德国,无信用卡,0
39,3300,2,4,108,66,缺失,德国,无信用卡,1
33,1900,3,5,54,168,租住,土耳其,无信用卡,0
24,0,0,1,3,30,租住,德国,欧洲Master卡,1
56,1800,0,1,192,84,租住,土耳其,无信用卡,0
36,1900,1,2,12,0,缺失,德国,无信用卡,1
33,1800,0,2,36,54,租住,土耳其,无信用卡,0
30,2000,0,1,54,15,租住,其它欧洲国家,无信用卡,1
25,2500,2,4,3,45,缺失,德国,无信用卡,1
48,3500,4,6,999,96,缺失,德国,无信用卡,1
39,5000,0,1,24,168,租住,其它欧洲国家,无信用卡,1
38,3200,1,2,48,168,租住,德国,无信用卡,0
30,2800,1,3,15,72,租住,土耳其,支票账户,0
27,2800,2,4,30,33,租住,德国,无信用卡,0
25,3000,0,1,312,48,租住,德国,支票账户,1
42,2500,0,1,3,15,租住,德国,无信用卡,1
29,2300,1,2,30,18,租住,德国,无信用卡,1
27,1900,0,1,336,54,缺失,德国,无信用卡,0
23,1900,0,2,9,9,租住,土耳其,无信用卡,1
56,1500,0,2,3,9,自有,德国,无信用卡,0
46,1500,0,1,30,168,缺失,德国,无信用卡,1
37,3300,2,4,15,48,自有,土耳其,无信用卡,0
36,0,2,3,216,24,缺失,德国,支票账户,0
34,2400,0,1,42,39,租住,德国,无信用卡,1
28,0,0,1,54,15,租住,德国,欧洲Master卡,0
62,1000,0,1,120,144,租住,德国,无信用卡,0
54,3000,0,2,360,336,自有,德国,无信用卡,1
45,0,0,1,216,54,租住,德国,支票账户,1
33,4000,0,2,72,3,缺失,德国,支票账户,0
31,1900,3,4,6,9,租住,德国,无信用卡,1
30,3000,3,5,12,36,租住,其它非欧洲国家,其它信用卡,0
24,2200,0,1,18,21,租住,德国,无信用卡,1
45,2400,2,4,216,168,缺失,德国,无信用卡,0
45,2700,2,4,144,288,租住,德国,无信用卡,1
30,2400,0,1,3,120,租住,德国,无信用卡,1
30,3000,4,6,36,60,租住,德国,无信用卡,0
29,3000,0,2,6,9,租住,德国,无信用卡,0
44,4000,2,4,96,336,租住,德国,无信用卡,0
39,0,1,3,144,42,租住,德国,支票账户,0
38,3300,2,4,60,60,租住,德国,无信用卡,0
33,1800,0,1,21,9,租住,德国,无信用卡,0
27,0,0,1,15,15,租住,其它非欧洲国家,支票账户,1
36,2400,1,3,168,144,租住,德国,无信用卡,0
25,2800,0,1,54,21,租住,德国,无信用卡,0
36,2500,2,3,15,12,租住,德国,无信用卡,1
31,3200,2,3,21,72,租住,德国,无信用卡,1
28,0,0,1,9,24,缺失,德国,支票账户,0
25,1600,0,2,240,36,租住,德国,无信用卡,1
47,2200,1,3,6,15,租住,德国,无信用卡,1
45,3000,3,5,192,240,缺失,德国,无信用卡,0
38,0,2,3,54,9,租住,德国,支票账户,1
35,2300,0,1,54,6,租住,德国,无信用卡,1
28,2000,0,1,216,15,租住,德国,无信用卡,0
40,0,0,2,48,168,租住,德国,支票账户,0
32,0,0,2,120,3,租住,德国,支票账户,1
28,3000,0,1,168,12,租住,德国,无信用卡,1
24,2300,0,1,120,3,租住,德国,无信用卡,1
39,0,2,4,30,120,缺失,德国,支票账户,0
50,0,0,2,288,999,租住,德国,欧洲Master卡,0
44,2300,0,1,192,168,租住,德国,无信用卡,0
38,2800,0,2,30,84,自有,德国,无信用卡,0
31,2500,0,1,3,9,租住,德国,无信用卡,1
24,3000,0,1,288,18,租住,德国,无信用卡,1
52,2300,0,2,168,30,租住,德国,无信用卡,0
38,1500,1,3,15,9,缺失,德国,无信用卡,1
31,2100,1,2,9,6,租住,德国,无信用卡,1
27,3200,1,3,36,144,自有,德国,无信用卡,1
45,2300,0,2,18,12,租住,德国,无信用卡,1
35,2600,0,2,30,9,租住,德国,无信用卡,0
51,2000,0,2,264,60,缺失,德国,其它信用卡,0
47,2400,1,3,108,54,缺失,德国,无信用卡,1
35,3000,1,3,48,12,租住,其它非欧洲国家,无信用卡,1
34,2600,0,2,15,12,租住,德国,无信用卡,1
23,2300,0,1,6,42,租住,德国,无信用卡,0
23,2100,0,2,9,48,租住,德国,无信用卡,1
63,10000,1,3,168,168,自有,其它欧洲国家,无信用卡,0
40,2500,0,1,21,21,租住,德国,无信用卡,0
33,3500,2,4,24,36,租住,德国,无信用卡,0
30,2500,0,1,3,48,租住,意大利,支票账户,0
29,0,0,1,9,120,租住,德国,支票账户,1
26,0,0,1,66,27,租住,德国,支票账户,1
23,2500,1,2,48,72,租住,德国,无信用卡,0
30,0,0,1,3,108,租住,德国,支票账户,0
27,2100,0,1,66,6,租住,其它非欧洲国家,无信用卡,1
25,1900,0,1,3,12,租住,德国,无信用卡,0
51,1000,0,2,3,999,租住,德国,支票账户,0
43,2700,1,3,192,144,租住,德国,无信用卡,0
41,2400,1,2,84,66,租住,德国,无信用卡,0
31,2000,0,1,24,24,租住,德国,无信用卡,1
30,2300,0,1,30,27,租住,德国,无信用卡,1
41,4000,3,5,6,192,租住,德国,无信用卡,1
24,2400,0,1,36,48,租住,德国,无信用卡,1
23,2200,0,1,144,18,租住,德国,无信用卡,1
62,1800,0,1,108,60,缺失,德国,无信用卡,0
25,0,2,3,240,60,租住,德国,支票账户,0
55,1600,0,1,216,24,缺失,德国,无信用卡,1
51,0,0,1,192,96,租住,德国,支票账户,0
37,2300,1,3,21,3,租住,其它非欧洲国家,无信用卡,1
34,2800,2,3,30,216,租住,德国,无信用卡,1
33,2700,2,4,3,9,缺失,德国,无信用卡,0
27,2200,1,3,15,27,租住,德国,无信用卡,1
25,1700,0,1,24,36,租住,德国,无信用卡,1
33,5000,1,2,15,15,租住,德国,无信用卡,1
30,2500,1,3,54,30,租住,德国,无信用卡,1
24,2400,0,1,12,48,租住,德国,无信用卡,0
23,2000,0,1,18,30,租住,德国,无信用卡,0
55,3500,1,3,216,216,租住,土耳其,无信用卡,0
54,4000,0,1,15,999,租住,德国,无信用卡,1
43,3400,1,3,144,192,租住,德国,无信用卡,0
35,10000,2,4,144,168,自有,德国,无信用卡,0
26,1700,0,2,21,15,租住,德国,无信用卡,1
46,100000,2,4,264,288,租住,德国,无信用卡,1
37,0,3,5,24,72,租住,德国,支票账户,0
29,0,0,1,360,96,缺失,德国,支票账户,0
43,3500,2,4,3,240,租住,德国,无信用卡,0
32,0,2,4,54,66,缺失,希腊,支票账户,1
27,5000,0,2,9,6,租住,德国,无信用卡,1
41,1600,2,4,3,9,自有,德国,无信用卡,0
33,0,1,2,36,24,租住,德国,支票账户,1
47,1900,1,3,36,21,租住,德国,无信用卡,0
46,1900,0,1,120,999,租住,德国,无信用卡,1
28,2500,0,1,0,18,缺失,德国,无信用卡,0
26,2000,0,1,312,9,租住,德国,无信用卡,1
45,5000,2,4,120,336,租住,德国,无信用卡,0
43,0,1,3,60,72,缺失,德国,支票账户,0
33,0,0,2,6,6,租住,德国,支票账户,1
39,2700,1,2,168,240,租住,德国,无信用卡,1
26,1900,0,1,312,120,租住,德国,无信用卡,1
23,3200,0,1,6,36,租住,德国,无信用卡,0
23,1500,0,1,0,48,租住,德国,无信用卡,1
40,1900,0,1,108,21,缺失,德国,无信用卡,1
33,2200,2,4,9,6,租住,德国,无信用卡,0
54,2400,0,1,216,3,租住,德国,无信用卡,1
45,3500,1,3,168,192,自有,德国,无信用卡,0
41,2300,0,1,3,72,租住,德国,无信用卡,1
40,2200,4,6,120,12,租住,德国,无信用卡,1
32,0,1,3,3,72,租住,德国,支票账户,0
31,1700,2,4,60,21,租住,其它非欧洲国家,无信用卡,0
24,2500,0,1,6,24,自有,德国,无信用卡,1
40,2800,3,5,54,39,缺失,德国,无信用卡,1
39,5000,1,3,60,12,租住,德国,无信用卡,1
36,3300,3,5,42,39,租住,其它非欧洲国家,无信用卡,0
35,0,0,1,0,60,租住,德国,支票账户,1
30,2200,0,1,264,48,租住,德国,无信用卡,1
34,2200,0,1,336,39,缺失,德国,无信用卡,1
32,2900,1,3,54,33,租住,德国,无信用卡,0
31,2400,1,2,60,96,租住,德国,无信用卡,0
30,5000,1,3,18,30,缺失,德国,支票账户,1
29,0,1,3,84,108,租住,德国,支票账户,0
24,2500,0,1,3,12,租住,德国,无信用卡,1
52,2500,0,2,192,216,租住,德国,无信用卡,1
41,2200,1,3,18,216,自有,德国,无信用卡,0
32,5000,2,4,18,66,租住,德国,无信用卡,0
29,2000,2,4,264,27,租住,土耳其,无信用卡,0
29,2800,4,6,36,12,缺失,德国,无信用卡,1
27,2800,1,3,72,60,租住,土耳其,无信用卡,1
27,2100,1,3,144,12,缺失,德国,无信用卡,1
25,2000,0,2,60,84,缺失,德国,无信用卡,1
58,0,0,2,60,27,租住,德国,支票账户,0
57,1800,2,4,144,60,租住,土耳其,无信用卡,0
56,2100,0,1,144,192,租住,德国,无信用卡,0
52,2400,3,5,264,288,租住,土耳其,无信用卡,0
34,1900,1,2,120,30,缺失,德国,无信用卡,1
34,2500,2,4,48,72,租住,德国,无信用卡,1
26,2600,0,1,15,15,租住,德国,无信用卡,1
25,3500,0,2,216,36,租住,德国,无信用卡,1
23,2400,0,1,60,60,租住,德国,无信用卡,1
34,3000,1,3,84,192,自有,德国,无信用卡,0
26,2300,0,1,30,30,租住,希腊,无信用卡,1
45,2200,0,2,21,24,租住,德国,无信用卡,1
26,2100,0,2,54,39,租住,其它非欧洲国家,无信用卡,1
26,2400,0,2,312,120,租住,德国,支票账户,0
24,1600,0,1,144,6,缺失,德国,无信用卡,1
41,3300,2,4,108,288,缺失,德国,无信用卡,0
37,2500,0,1,54,42,租住,德国,无信用卡,0
24,2900,0,1,0,39,租住,德国,无信用卡,1
38,2200,0,2,66,21,缺失,德国,无信用卡,0
31,1700,2,4,144,21,租住,德国,无信用卡,1
51,1500,1,3,264,54,租住,德国,无信用卡,0
40,2200,0,2,21,9,租住,其它非欧洲国家,无信用卡,1
37,2800,2,4,120,168,租住,德国,无信用卡,0
30,2300,2,3,0,12,租住,德国,支票账户,1
24,4000,1,3,36,84,租住,土耳其,欧洲Master卡,0
43,0,0,1,6,15,租住,德国,支票账户,0
42,3300,1,3,999,240,自有,德国,无信用卡,0
29,1700,0,1,360,54,缺失,德国,无信用卡,0
25,2400,1,3,54,54,租住,德国,无信用卡,1
39,0,2,4,84,84,租住,德国,支票账户,0
38,4000,2,4,168,144,租住,希腊,无信用卡,1
32,2800,0,2,6,144,租住,德国,无信用卡,1
29,1800,1,2,36,36,租住,德国,无信用卡,1
26,0,0,1,6,6,租住,德国,支票账户,0
26,3500,1,3,36,54,租住,德国,无信用卡,1
25,1800,0,1,312,39,租住,德国,无信用卡,1
44,2900,0,1,0,30,租住,德国,无信用卡,1
34,1500,0,1,144,12,租住,德国,无信用卡,0
33,3300,2,4,144,216,租住,德国,无信用卡,1
33,0,2,3,42,45,租住,德国,支票账户,1
30,2200,0,1,84,21,缺失,德国,支票账户,0
30,2000,0,1,9,21,租住,德国,无信用卡,1
29,0,0,1,36,33,租住,希腊,支票账户,1
25,1900,0,1,3,18,租住,德国,无信用卡,1
52,1500,0,1,6,84,租住,德国,无信用卡,1
35,4000,0,1,336,240,租住,德国,无信用卡,1
30,3100,4,6,9,48,租住,德国,无信用卡,0
28,0,0,1,96,33,缺失,德国,支票账户,0
27,0,0,1,21,96,租住,德国,支票账户,0
35,1500,0,1,999,15,租住,德国,无信用卡,1
29,1800,0,1,15,15,租住,希腊,无信用卡,1
23,1700,0,1,60,15,租住,德国,无信用卡,0
41,3100,1,3,168,288,租住,德国,无信用卡,0
40,3200,2,4,60,54,缺失,德国,无信用卡,1
40,2100,4,6,999,12,缺失,德国,无信用卡,0
32,0,2,4,30,144,租住,德国,支票账户,1
48,3200,0,2,84,288,缺失,德国,无信用卡,0
38,5000,1,3,66,144,租住,德国,无信用卡,1
29,3000,2,4,96,96,租住,德国,无信用卡,0
24,1600,0,2,144,21,租住,德国,无信用卡,1
50,3400,4,6,48,168,缺失,土耳其,无信用卡,0
41,1000,3,5,36,12,缺失,德国,无信用卡,0
31,2500,1,3,36,18,租住,德国,无信用卡,1
24,2700,1,3,6,9,缺失,德国,无信用卡,1
38,3000,0,1,9,12,租住,德国,无信用卡,1
29,3000,0,1,30,21,租住,德国,无信用卡,1
29,3100,0,1,0,48,缺失,德国,支票账户,1
29,4000,3,5,24,96,租住,土耳其,无信用卡,0
27,1900,2,4,96,84,租住,土耳其,无信用卡,0
40,10000,2,4,6,21,租住,德国,无信用卡,1
39,1700,1,2,18,45,租住,德国,无信用卡,0
28,0,0,2,36,36,租住,德国,支票账户,1
39,0,0,1,18,18,租住,德国,支票账户,1
35,2400,1,3,21,33,缺失,德国,无信用卡,0
24,2000,0,1,288,6,缺失,德国,其它信用卡,1
24,3000,1,3,36,36,缺失,德国,无信用卡,1
23,0,0,1,60,45,租住,德国,支票账户,1
23,0,0,1,9,84,缺失,德国,支票账户,1
55,1900,0,2,48,33,自有,德国,无信用卡,0
47,0,3,5,240,108,缺失,德国,其它信用卡,1
42,2400,2,4,48,45,缺失,德国,无信用卡,0
33,3300,3,5,24,12,租住,德国,无信用卡,0
33,3500,0,2,3,48,租住,德国,欧洲Master卡,1
31,1500,2,4,84,6,缺失,德国,无信用卡,0
59,10000,3,5,66,84,缺失,德国,无信用卡,0
34,2000,0,2,144,192,缺失,德国,无信用卡,0
29,0,0,1,24,48,租住,德国,支票账户,0
38,0,3,5,54,192,租住,德国,支票账户,0
27,1600,1,2,36,12,租住,德国,无信用卡,1
53,5000,1,3,120,84,自有,德国,无信用卡,0
45,4000,0,2,168,96,租住,德国,无信用卡,1
25,1800,1,3,24,72,租住,德国,无信用卡,1
25,1900,0,1,54,30,缺失,德国,支票账户,1
23,0,0,1,3,6,租住,德国,支票账户,0
39,5000,1,3,36,240,租住,德国,无信用卡,1
32,3200,3,5,108,108,租住,土耳其,无信用卡,1
31,2300,1,3,6,144,租住,土耳其,无信用卡,0
25,1800,0,1,312,72,缺失,德国,无信用卡,0
24,2300,0,1,42,66,租住,德国,无信用卡,0
24,2300,2,4,9,9,租住,土耳其,无信用卡,1
44,0,1,3,96,120,租住,德国,支票账户,0
33,2200,0,1,6,24,租住,德国,无信用卡,0
26,2500,0,1,12,84,租住,德国,无信用卡,1
25,0,0,2,21,15,缺失,德国,支票账户,0
51,2500,1,3,15,96,自有,德国,无信用卡,1
25,3000,0,1,60,30,租住,德国,无信用卡,1
54,0,0,2,192,21,租住,德国,支票账户,0
45,1500,1,2,15,144,缺失,德国,无信用卡,0
24,0,1,3,3,27,租住,德国,欧洲Master卡,1
23,0,0,1,3,33,租住,德国,支票账户,0
42,0,2,4,54,54,租住,德国,支票账户,0
40,2600,0,2,60,192,自有,德国,无信用卡,0
34,2200,0,2,21,144,租住,德国,无信用卡,1
25,1700,0,1,312,27,租住,德国,无信用卡,1
24,2100,0,1,288,48,缺失,德国,无信用卡,0
23,2900,2,4,48,6,租住,德国,无信用卡,1
24,0,0,1,108,66,租住,德国,支票账户,1
23,2200,0,1,192,24,租住,德国,无信用卡,1
54,2100,0,1,60,33,租住,德国,无信用卡,0
44,2200,0,1,48,192,租住,德国,无信用卡,0
33,2700,0,1,30,84,租住,德国,无信用卡,0
48,0,1,2,21,15,租住,德国,支票账户,1
25,2600,0,2,30,39,租住,德国,无信用卡,1
58,4000,1,3,168,216,租住,土耳其,无信用卡,0
54,2000,4,6,240,30,租住,土耳其,无信用卡,1
46,2600,2,4,240,288,租住,土耳其,无信用卡,1
45,4000,3,5,240,216,租住,土耳其,无信用卡,0
40,0,2,4,108,96,租住,土耳其,支票账户,0
38,2500,3,5,120,192,租住,土耳其,无信用卡,0
36,3000,3,5,84,108,租住,土耳其,无信用卡,0
29,2000,1,3,6,96,租住,土耳其,无信用卡,0
27,2500,0,1,42,15,租住,土耳其,无信用卡,1
39,5000,1,3,168,336,缺失,德国,无信用卡,0
39,0,2,4,42,12,租住,西班牙,支票账户,0
32,2800,2,4,108,3,租住,土耳其,无信用卡,0
30,3000,0,2,3,144,租住,土耳其,无信用卡,0
27,4000,1,3,6,18,租住,德国,无信用卡,0
24,2700,1,3,192,45,租住,土耳其,无信用卡,0
22,2400,1,3,72,33,租住,土耳其,无信用卡,1
57,2500,0,2,120,66,租住,土耳其,无信用卡,1
38,2500,3,5,54,288,租住,德国,无信用卡,1
35,3500,3,5,84,192,租住,土耳其,无信用卡,0
31,2800,2,4,12,36,租住,土耳其,无信用卡,0
38,3500,5,7,144,216,缺失,土耳其,无信用卡,0
34,3300,3,5,30,192,租住,土耳其,支票账户,0
25,2300,0,2,30,48,租住,其它非欧洲国家,无信用卡,0
51,0,1,3,30,3,租住,德国,支票账户,1
31,0,1,3,30,42,租住,德国,支票账户,0
30,3500,1,3,84,96,租住,德国,无信用卡,0
52,4000,0,2,96,144,租住,德国,无信用卡,1
35,1500,4,6,240,27,租住,土耳其,无信用卡,1
29,3300,3,5,54,30,租住,土耳其,无信用卡,1
36,0,0,1,144,45,缺失,德国,支票账户,1
42,2000,1,3,96,192,租住,土耳其,无信用卡,1
23,2800,2,4,48,27,租住,土耳其,无信用卡,1
30,0,1,3,72,72,租住,德国,支票账户,0
24,0,2,4,48,36,租住,土耳其,支票账户,1
30,1600,2,4,96,6,缺失,土耳其,无信用卡,1
27,0,0,1,84,96,租住,德国,欧洲Master卡,0
23,2700,0,2,192,54,租住,土耳其,无信用卡,0
21,2600,1,2,54,33,缺失,德国,无信用卡,0
30,2900,1,3,3,72,租住,土耳其,无信用卡,0
27,2100,0,1,18,66,租住,希腊,无信用卡,1
50,4000,5,7,144,288,租住,土耳其,无信用卡,0
45,4000,3,5,168,288,租住,德国,无信用卡,1
45,4000,3,5,999,288,自有,德国,无信用卡,1
39,2000,1,3,9,3,租住,德国,支票账户,0
26,1800,0,1,240,12,租住,德国,无信用卡,1
26,0,0,2,3,48,租住,希腊,支票账户,0
24,2100,0,1,288,6,缺失,德国,无信用卡,1
24,2500,0,1,30,96,缺失,德国,无信用卡,0
23,2800,0,1,3,36,缺失,土耳其,无信用卡,1
22,1700,0,1,6,15,缺失,德国,无信用卡,1
33,3200,1,3,60,216,租住,德国,无信用卡,1
30,2600,1,3,360,108,自有,德国,无信用卡,1
55,3000,2,4,66,66,租住,土耳其,无信用卡,0
51,1500,0,2,48,15,租住,土耳其,无信用卡,1
32,2500,2,4,66,72,缺失,土耳其,无信用卡,0
43,2200,0,1,66,42,租住,土耳其,无信用卡,1
23,2100,1,2,6,36,缺失,土耳其,无信用卡,0
32,2100,0,2,84,36,缺失,其它非欧洲国家,无信用卡,0
37,3000,3,5,84,192,缺失,德国,无信用卡,0
31,4000,0,2,84,36,自有,土耳其,无信用卡,0
30,0,0,1,48,6,租住,德国,支票账户,0
24,5000,0,2,3,12,租住,德国,无信用卡,0
31,2600,2,4,36,42,租住,德国,无信用卡,1
25,3000,0,2,12,36,租住,德国,无信用卡,0
21,2300,0,1,96,3,缺失,德国,无信用卡,1
37,2500,2,3,108,240,缺失,德国,无信用卡,0
35,2800,2,4,3,108,缺失,德国,支票账户,1
33,2900,2,4,9,168,租住,德国,无信用卡,1
26,2500,0,1,9,3,缺失,其它非欧洲国家,支票账户,1
34,2000,0,1,3,21,租住,其它非欧洲国家,无信用卡,1
29,1800,0,2,9,54,租住,德国,无信用卡,1
39,3200,1,3,999,288,缺失,德国,支票账户,0
32,0,0,2,48,15,租住,德国,欧洲Master卡,1
36,3200,2,3,15,192,缺失,德国,无信用卡,1
26,4000,2,4,30,6,缺失,其它欧洲国家,无信用卡,1
23,2500,0,1,15,9,缺失,德国,无信用卡,0
27,2500,0,2,36,108,租住,德国,无信用卡,0
25,2000,0,2,3,30,缺失,土耳其,无信用卡,0
39,2800,1,3,72,288,租住,德国,支票账户,0
31,3200,0,1,96,192,租住,德国,无信用卡,1
56,2900,0,2,216,288,租住,土耳其,无信用卡,0
32,2300,2,4,84,15,租住,土耳其,无信用卡,0
52,0,0,2,60,288,缺失,德国,支票账户,0
28,3300,2,4,24,18,缺失,德国,支票账户,0
32,2000,0,1,66,66,租住,德国,无信用卡,1
32,0,1,2,3,108,租住,德国,支票账户,0
31,3000,3,5,96,192,缺失,土耳其,无信用卡,1
25,1500,1,2,6,3,租住,德国,无信用卡,1
22,2400,0,2,30,24,租住,土耳其,无信用卡,0
20,1000,0,1,108,39,缺失,土耳其,无信用卡,1
54,2000,4,6,42,39,租住,其它非欧洲国家,支票账户,0
30,2600,4,6,3,21,租住,意大利,无信用卡,1
28,0,0,1,9,30,租住,德国,支票账户,0
42,3200,2,3,144,192,缺失,德国,无信用卡,0
29,1600,0,2,21,9,租住,德国,无信用卡,1
59,2200,0,2,999,216,租住,意大利,无信用卡,0
44,2500,0,2,120,96,租住,德国,无信用卡,1
28,2200,0,1,6,66,租住,德国,无信用卡,0
40,3000,5,7,18,24,租住,德国,无信用卡,1
33,2000,0,2,42,30,租住,其它非欧洲国家,无信用卡,1
35,1500,1,3,24,30,租住,德国,无信用卡,0
31,2100,0,1,24,84,租住,德国,无信用卡,1
20,2800,0,2,168,54,缺失,土耳其,支票账户,0
49,2300,1,3,216,288,租住,希腊,无信用卡,0
39,3400,1,2,72,42,缺失,德国,无信用卡,0
25,2800,0,1,312,72,租住,德国,无信用卡,1
25,0,0,1,6,21,租住,德国,支票账户,1
23,2700,2,3,3,6,缺失,德国,无信用卡,1
20,2100,0,1,240,45,租住,南斯拉夫,无信用卡,1
50,3000,1,3,30,288,自有,土耳其,无信用卡,0
37,3000,1,3,168,288,租住,德国,无信用卡,0
30,2200,0,2,6,54,租住,其它非欧洲国家,无信用卡,1
56,2900,0,1,66,168,租住,德国,无信用卡,0
45,2200,0,1,0,144,缺失,德国,无信用卡,1
31,2600,2,4,66,168,缺失,土耳其,无信用卡,0
29,3000,1,3,36,72,缺失,德国,无信用卡,0
29,2300,0,2,0,12,租住,德国,无信用卡,0
21,2000,0,1,30,3,租住,德国,无信用卡,1
27,0,0,1,3,96,租住,德国,欧洲Master卡,0
29,4000,0,1,60,0,缺失,德国,无信用卡,1
30,1800,0,1,84,84,租住,德国,无信用卡,1
31,2500,0,1,999,12,缺失,德国,无信用卡,1
23,2800,2,4,30,18,租住,土耳其,无信用卡,1
27,2600,0,1,36,120,租住,德国,无信用卡,0
32,1900,0,1,84,144,缺失,德国,无信用卡,1
27,5000,1,2,66,21,租住,其它非欧洲国家,支票账户,1
43,2600,1,2,54,120,租住,德国,无信用卡,1
28,0,0,1,15,54,租住,德国,支票账户,0
27,2200,0,1,36,33,租住,德国,无信用卡,1
22,1800,0,1,6,36,租住,德国,无信用卡,1
49,4000,3,5,6,216,自有,德国,无信用卡,1
30,1900,0,1,96,42,租住,其它非欧洲国家,无信用卡,1
26,0,1,3,48,42,租住,德国,支票账户,0
44,3000,2,4,999,999,租住,德国,无信用卡,0
41,2500,0,1,240,120,租住,德国,无信用卡,1
37,2200,0,1,999,12,租住,德国,无信用卡,1
30,10000,0,1,192,144,租住,德国,无信用卡,1
55,10000,1,3,36,36,租住,德国,支票账户,0
41,2400,2,3,168,6,缺失,德国,无信用卡,1
24,1900,1,2,9,72,租住,德国,无信用卡,1
21,1000,0,1,36,36,租住,德国,无信用卡,0
50,2800,1,3,30,240,租住,德国,无信用卡,0
42,4000,0,2,84,240,租住,德国,无信用卡,0
38,3500,3,5,120,192,缺失,德国,无信用卡,0
29,2500,2,4,120,108,租住,土耳其,无信用卡,1
24,2900,1,3,42,27,租住,德国,无信用卡,0
23,1900,0,1,12,9,租住,德国,无信用卡,1
37,0,1,2,12,21,租住,德国,支票账户,1
26,2700,1,3,84,96,租住,土耳其,无信用卡,0
46,3000,1,3,60,72,租住,土耳其,无信用卡,0
55,3500,1,3,54,288,租住,德国,无信用卡,1
23,3000,0,1,288,21,租住,德国,无信用卡,1
31,1700,1,3,12,54,租住,土耳其,无信用卡,1
31,2600,0,2,54,120,缺失,德国,无信用卡,0
29,2300,0,1,36,108,租住,德国,无信用卡,0
46,10000,0,2,264,12,缺失,德国,支票账户,1
32,5000,2,4,6,27,缺失,德国,无信用卡,0
29,2500,0,1,54,30,租住,德国,支票账户,1
23,2700,0,1,96,54,租住,其它非欧洲国家,无信用卡,1
38,2500,2,3,192,48,租住,德国,无信用卡,1
33,0,2,4,168,39,租住,德国,支票账户,1
26,0,1,2,48,96,租住,德国,支票账户,1
24,2000,0,1,30,39,租住,德国,无信用卡,1
26,2500,1,3,60,120,缺失,希腊,无信用卡,0
21,2800,1,3,3,33,租住,土耳其,无信用卡,1
42,3000,0,2,240,192,租住,德国,无信用卡,0
28,2300,1,3,21,9,租住,德国,无信用卡,1
39,2200,0,1,84,288,租住,德国,无信用卡,0
30,1000,2,4,60,60,自有,德国,无信用卡,0
49,3000,1,3,54,288,租住,德国,无信用卡,0
33,3000,1,3,120,66,缺失,意大利,无信用卡,0
28,2500,0,1,3,120,租住,德国,无信用卡,0
25,3200,2,4,48,45,租住,土耳其,无信用卡,0
25,0,1,3,48,66,租住,德国,支票账户,1
38,5000,3,5,168,54,缺失,德国,无信用卡,0
32,3100,1,2,3,192,租住,德国,无信用卡,1
32,0,1,3,96,6,租住,德国,支票账户,0
31,2300,0,1,6,54,缺失,德国,无信用卡,0
29,4000,2,4,18,120,租住,土耳其,无信用卡,0
38,0,3,5,144,288,租住,德国,支票账户,0
52,2500,0,2,312,288,租住,德国,无信用卡,0
27,0,0,1,336,72,租住,德国,欧洲Master卡,0
43,3200,0,2,144,216,租住,土耳其,无信用卡,0
20,2500,0,1,120,45,缺失,土耳其,无信用卡,0
46,5000,2,4,144,288,缺失,德国,无信用卡,0
36,2700,1,3,96,30,租住,南斯拉夫,无信用卡,1
40,3000,3,5,108,336,缺失,德国,无信用卡,0
24,0,0,1,312,27,租住,德国,支票账户,0
27,2600,2,4,21,21,租住,德国,无信用卡,1
23,2800,2,4,24,72,租住,德国,无信用卡,0
41,5000,1,3,30,288,缺失,德国,无信用卡,0
35,2000,2,4,12,24,自有,德国,无信用卡,1
25,2300,0,1,15,30,缺失,德国,无信用卡,0
53,4000,0,2,96,192,租住,南斯拉夫,无信用卡,0
45,3000,1,3,168,240,租住,土耳其,无信用卡,0
42,0,2,4,240,120,缺失,德国,支票账户,1
35,0,2,4,60,36,租住,德国,支票账户,0
24,2100,0,1,144,9,租住,土耳其,无信用卡,0
24,10000,2,4,12,15,租住,意大利,支票账户,1
62,0,0,2,264,21,缺失,德国,支票账户,0
55,2800,0,2,999,12,租住,德国,无信用卡,0
46,2400,3,5,144,108,租住,西班牙,无信用卡,1
23,1500,1,2,264,15,租住,德国,无信用卡,0
32,2200,0,1,30,3,缺失,德国,支票账户,0
21,2400,0,1,264,66,租住,德国,无信用卡,1
43,0,2,4,42,45,租住,希腊,支票账户,0
40,5000,3,5,72,39,租住,德国,无信用卡,0
36,2900,1,3,84,168,租住,德国,无信用卡,0
24,0,0,1,288,21,租住,德国,支票账户,1
52,5000,0,2,18,30,租住,德国,无信用卡,0
29,3200,1,3,9,9,租住,德国,无信用卡,0
22,2200,0,1,0,18,缺失,德国,无信用卡,1
45,0,2,4,192,336,租住,德国,支票账户,0
26,2900,0,1,30,45,租住,德国,无信用卡,1
25,2700,1,3,144,6,自有,土耳其,无信用卡,1
36,5000,2,4,18,240,缺失,德国,支票账户,0
36,2300,1,3,108,6,租住,德国,无信用卡,0
34,3000,2,4,3,21,租住,德国,无信用卡,1
26,2900,1,3,168,36,租住,土耳其,无信用卡,1
25,2900,1,3,12,66,租住,德国,支票账户,0
24,1500,0,2,12,60,缺失,德国,无信用卡,0
21,1900,0,1,15,15,租住,德国,无信用卡,1
42,2200,0,2,108,21,租住,德国,无信用卡,1
31,3500,2,4,54,108,租住,土耳其,无信用卡,0
41,3400,1,3,312,216,租住,土耳其,无信用卡,0
27,2200,0,1,3,3,租住,德国,无信用卡,1
26,2300,1,3,21,33,租住,希腊,无信用卡,1
38,2500,0,1,999,216,租住,德国,无信用卡,1
28,5000,0,2,30,120,自有,德国,无信用卡,1
27,2200,0,2,6,24,租住,德国,无信用卡,0
38,2500,3,5,36,9,租住,德国,无信用卡,0
21,2900,0,1,6,6,缺失,德国,无信用卡,1
42,3100,1,3,168,96,缺失,德国,无信用卡,0
21,2500,0,2,3,9,租住,德国,无信用卡,1
39,3000,2,4,264,192,租住,希腊,无信用卡,0
24,2000,0,1,36,36,租住,德国,无信用卡,0
20,1000,0,1,240,21,缺失,德国,支票账户,1
31,2200,0,1,48,36,租住,德国,无信用卡,0
63,1900,0,2,264,288,租住,南斯拉夫,无信用卡,0
35,0,3,5,18,168,租住,希腊,支票账户,0
31,3100,2,4,30,27,缺失,德国,无信用卡,1
27,4000,0,1,84,72,租住,土耳其,无信用卡,1
31,3500,1,3,42,18,租住,德国,无信用卡,0
23,1700,0,1,192,45,租住,土耳其,无信用卡,1
22,2000,0,1,264,33,租住,德国,无信用卡,0
56,2600,1,3,144,168,租住,土耳其,无信用卡,0
42,4000,4,6,144,96,自有,德国,无信用卡,1
25,2000,0,1,6,36,租住,德国,它行Visa卡,0
22,2300,0,1,3,72,租住,德国,无信用卡,1
48,2800,2,4,168,288,租住,德国,无信用卡,0
43,0,1,2,216,33,租住,德国,支票账户,1
37,0,2,4,42,42,租住,德国,支票账户,0
29,2700,1,3,12,54,租住,德国,无信用卡,1
55,4000,0,1,6,54,缺失,德国,无信用卡,1
32,4000,2,4,84,168,租住,土耳其,无信用卡,0
23,1000,0,1,9,9,租住,德国,无信用卡,1
35,0,1,3,168,168,租住,德国,欧洲Master卡,0
37,3200,4,6,96,42,自有,德国,无信用卡,0
35,3000,0,1,18,168,租住,德国,无信用卡,1
23,2200,0,2,3,24,租住,土耳其,无信用卡,0
26,2000,0,1,0,54,租住,德国,无信用卡,1
52,4000,1,3,168,144,缺失,土耳其,无信用卡,0
48,3100,2,4,144,240,租住,土耳其,无信用卡,0
47,2300,0,1,6,192,缺失,德国,无信用卡,0
34,2000,3,4,15,42,租住,德国,无信用卡,1
26,2800,2,4,3,54,租住,土耳其,无信用卡,1
41,3200,3,5,42,39,缺失,德国,无信用卡,0
38,3000,3,5,84,192,缺失,土耳其,支票账户,0
35,2500,0,2,6,96,租住,土耳其,无信用卡,0
30,3500,0,2,96,168,租住,德国,无信用卡,0
33,3300,1,3,120,216,租住,土耳其,无信用卡,0
24,2200,2,4,6,6,租住,土耳其,无信用卡,1
21,2200,1,3,15,15,缺失,土耳其,无信用卡,0
53,0,0,1,42,144,租住,德国,支票账户,0
27,3000,2,4,3,120,租住,土耳其,无信用卡,0
27,2400,1,2,18,30,租住,德国,无信用卡,1
26,3500,1,3,6,84,租住,德国,无信用卡,1
21,1000,0,1,168,21,租住,德国,无信用卡,1
67,3000,0,2,240,96,自有,德国,无信用卡,0
51,2100,0,2,999,336,缺失,德国,无信用卡,1
37,0,2,4,84,66,租住,德国,支票账户,0
30,0,1,3,54,42,租住,德国,支票账户,0
29,2700,0,2,15,84,租住,德国,无信用卡,1
27,2000,0,1,9,39,租住,德国,无信用卡,0
25,2800,3,5,9,18,租住,希腊,无信用卡,1
25,2800,1,3,96,15,租住,土耳其,无信用卡,1
39,0,1,2,144,192,租住,德国,支票账户,0
60,1900,0,2,12,48,租住,土耳其,无信用卡,0
38,4000,2,4,18,18,租住,德国,无信用卡,1
34,2200,0,1,144,60,租住,德国,无信用卡,1
34,2600,2,4,84,168,租住,西班牙,无信用卡,0
20,2200,0,1,42,15,租住,南斯拉夫,无信用卡,1
30,3300,1,3,18,168,缺失,德国,无信用卡,1
50,2500,1,3,192,216,缺失,土耳其,无信用卡,1
31,3000,1,3,3,45,缺失,德国,支票账户,1
23,3500,1,3,288,12,缺失,德国,无信用卡,1
39,3500,3,5,60,108,租住,德国,无信用卡,0
37,2000,0,1,0,12,租住,德国,无信用卡,0
29,0,0,2,360,168,缺失,德国,支票账户,1
26,3000,0,1,42,6,租住,德国,无信用卡,0
25,2900,1,2,18,39,缺失,德国,无信用卡,1
47,3000,2,4,120,288,租住,希腊,无信用卡,0
35,2400,1,3,18,30,租住,德国,无信用卡,1
24,2700,1,3,30,54,租住,土耳其,无信用卡,0
50,3200,1,3,84,192,租住,土耳其,无信用卡,1
26,3500,2,4,18,120,缺失,土耳其,无信用卡,1
45,10000,3,5,36,216,自有,德国,无信用卡,0
35,1900,0,1,21,3,缺失,德国,无信用卡,0
22,3100,0,1,192,60,租住,德国,无信用卡,1
47,4000,1,3,54,42,租住,其它欧洲国家,无信用卡,1
23,2200,0,1,216,24,租住,德国,无信用卡,1
53,0,0,2,264,999,租住,德国,支票账户,0
40,4000,4,6,84,192,缺失,德国,无信用卡,1
35,3300,2,4,30,12,租住,德国,无信用卡,1
23,2500,1,3,30,24,缺失,德国,无信用卡,1
24,2200,0,1,120,84,缺失,德国,无信用卡,1
24,2200,0,1,264,72,缺失,德国,无信用卡,1
20,1000,0,1,144,27,租住,土耳其,无信用卡,1
44,4000,2,3,42,24,缺失,德国,支票账户,1
31,2000,0,1,999,192,租住,德国,无信用卡,1
25,1800,0,1,60,33,租住,希腊,无信用卡,0
24,5000,1,3,9,21,租住,德国,无信用卡,1
59,1600,0,2,18,66,租住,德国,无信用卡,1
50,4000,1,3,60,84,缺失,德国,无信用卡,0
41,4000,2,4,168,72,租住,德国,无信用卡,0
27,2300,1,3,42,15,租住,意大利,无信用卡,1
23,0,0,1,30,9,缺失,德国,支票账户,0
39,1500,0,1,312,27,租住,德国,无信用卡,1
35,2600,0,2,3,120,租住,德国,无信用卡,0
34,3200,2,4,96,144,租住,意大利,无信用卡,0
29,3000,0,1,48,15,租住,德国,无信用卡,0
25,2100,0,1,6,12,租住,德国,无信用卡,1
25,1800,0,1,12,15,租住,德国,无信用卡,1
58,2400,0,1,999,96,租住,德国,无信用卡,0
28,2500,2,4,42,39,租住,德国,无信用卡,0
28,2900,2,4,3,3,租住,德国,无信用卡,0
24,5000,2,4,96,36,租住,土耳其,无信用卡,0
31,0,0,1,144,144,租住,德国,支票账户,0
41,5000,0,1,72,36,缺失,德国,欧洲Master卡,0
39,0,1,2,18,18,租住,德国,支票账户,0
26,0,0,1,3,21,租住,德国,支票账户,0
26,2400,1,3,6,84,租住,希腊,无信用卡,1
21,2000,0,1,12,9,缺失,德国,无信用卡,0
27,2200,1,2,336,42,缺失,德国,无信用卡,1
27,2000,0,1,18,96,租住,德国,无信用卡,0
26,3500,0,1,9,48,租住,其它欧洲国家,无信用卡,1
24,1700,0,1,12,9,租住,德国,无信用卡,0
23,0,0,1,9,60,租住,德国,支票账户,1
40,0,4,6,21,288,租住,土耳其,支票账户,0
30,3000,0,2,54,96,租住,德国,无信用卡,0
34,3000,2,3,6,12,租住,德国,无信用卡,1
27,2800,2,4,36,54,租住,德国,无信用卡,1
26,0,1,3,18,21,租住,德国,支票账户,0
19,1500,0,1,240,9,缺失,德国,无信用卡,1
44,1500,0,2,30,15,租住,德国,无信用卡,0
27,2500,0,1,3,84,租住,德国,支票账户,0
30,4000,2,4,60,60,租住,德国,无信用卡,0
22,2900,0,1,54,39,租住,土耳其,无信用卡,1
43,5000,1,3,144,12,自有,德国,无信用卡,1
31,3400,0,2,21,108,缺失,德国,支票账户,1
26,2500,1,3,42,39,租住,德国,无信用卡,0
29,1700,1,2,3,6,租住,德国,无信用卡,0
26,2500,0,1,9,72,缺失,意大利,无信用卡,0
20,2400,0,2,108,6,租住,德国,无信用卡,1
34,1800,0,2,192,84,租住,德国,无信用卡,0
35,4000,2,4,84,96,自有,德国,无信用卡,0
26,1700,0,1,312,6,缺失,德国,无信用卡,1
40,3000,3,5,66,54,租住,德国,无信用卡,1
39,3500,1,3,21,120,租住,其它非欧洲国家,无信用卡,1
19,1000,0,1,120,3,缺失,德国,无信用卡,0
54,1600,0,2,288,120,租住,土耳其,无信用卡,0
43,3000,1,2,168,30,租住,德国,无信用卡,0
28,3300,2,4,18,48,缺失,德国,无信用卡,0
27,1900,1,3,9,18,租住,土耳其,无信用卡,1
32,4000,3,5,3,144,自有,德国,无信用卡,0
20,1900,0,2,3,15,租住,德国,无信用卡,1
29,2300,1,2,72,84,缺失,土耳其,无信用卡,1
19,2500,0,1,15,15,租住,德国,无信用卡,1
45,2500,0,1,30,168,租住,德国,无信用卡,0
24,0,0,2,6,45,缺失,其它非欧洲国家,支票账户,1
25,2200,1,3,6,18,租住,土耳其,无信用卡,1
24,0,0,1,3,18,租住,德国,支票账户,1
66,2300,0,1,66,84,租住,德国,无信用卡,1
58,2500,0,2,144,336,租住,南斯拉夫,无信用卡,0
47,3300,4,6,54,240,租住,其它非欧洲国家,无信用卡,0
28,5000,0,2,42,33,租住,德国,欧洲Master卡,0
26,2300,5,7,96,39,租住,德国,无信用卡,1
31,2400,0,1,66,6,租住,德国,无信用卡,0
26,2500,0,1,192,6,租住,德国,无信用卡,1
22,1800,0,1,66,3,租住,德国,无信用卡,1
59,3500,0,2,168,288,租住,德国,无信用卡,0
47,4000,0,2,168,144,缺失,德国,无信用卡,1
37,3500,2,4,24,6,租住,德国,无信用卡,0
36,2700,3,5,30,30,租住,土耳其,无信用卡,1
37,1500,2,3,36,48,租住,德国,无信用卡,0
31,2200,2,3,30,9,租住,德国,无信用卡,1
21,2000,0,1,144,66,租住,德国,无信用卡,1
63,1800,0,1,240,120,租住,德国,无信用卡,1
31,2500,4,6,42,54,租住,土耳其,无信用卡,0
22,1500,0,1,288,27,缺失,德国,无信用卡,1
49,3000,0,2,192,288,租住,土耳其,无信用卡,0
27,2000,2,4,84,144,租住,德国,无信用卡,0
26,2500,0,1,21,27,租住,德国,无信用卡,1
25,2300,0,1,30,18,租住,德国,无信用卡,0
23,2800,0,2,3,3,租住,德国,无信用卡,1
22,0,0,1,9,9,租住,德国,支票账户,1
49,2200,0,1,192,168,租住,土耳其,无信用卡,1
45,1500,1,3,240,39,租住,德国,无信用卡,0
31,3000,2,4,60,9,租住,德国,无信用卡,0
31,2200,2,4,60,45,租住,德国,无信用卡,0
30,0,2,4,6,18,租住,德国,欧洲Master卡,1
23,3300,1,3,192,54,租住,土耳其,无信用卡,1
23,2400,2,4,30,24,缺失,土耳其,无信用卡,1
27,1500,0,2,24,24,租住,土耳其,无信用卡,0
26,0,0,1,0,45,租住,德国,我行Visa卡,1
25,2000,0,1,6,54,租住,德国,无信用卡,1
23,3200,0,1,108,6,缺失,德国,无信用卡,1
45,3200,2,3,30,288,租住,南斯拉夫,无信用卡,0
39,0,1,3,144,18,租住,德国,支票账户,0
51,2900,0,2,264,96,缺失,德国,无信用卡,0
38,3400,3,5,66,54,租住,德国,无信用卡,0
35,3000,2,4,192,192,缺失,土耳其,无信用卡,0
27,0,0,1,240,120,缺失,土耳其,我行Visa卡,1
23,2800,1,3,6,27,租住,德国,无信用卡,0
45,3000,1,2,288,336,缺失,德国,支票账户,0
41,3500,0,2,42,120,缺失,德国,支票账户,0
22,0,0,1,168,30,租住,德国,支票账户,1
32,2400,1,2,24,60,租住,德国,无信用卡,0
29,1700,1,3,18,18,租住,德国,无信用卡,0
28,4000,3,4,96,108,租住,德国,无信用卡,1
27,2500,0,2,36,60,租住,土耳其,无信用卡,0
22,2300,0,1,3,18,租住,德国,无信用卡,1
34,5000,2,4,9,18,租住,德国,无信用卡,0
27,4000,0,2,18,96,缺失,德国,欧洲Master卡,0
24,2500,0,2,120,66,租住,土耳其,无信用卡,0
46,2300,0,2,84,36,租住,西班牙,无信用卡,1
28,3200,2,4,84,84,缺失,德国,无信用卡,1
26,1700,0,1,3,48,租住,德国,无信用卡,1
36,0,2,4,108,108,租住,南斯拉夫,支票账户,1
30,1900,0,1,18,30,租住,德国,无信用卡,0
53,2500,1,3,264,288,租住,南斯拉夫,无信用卡,0
45,2200,2,4,72,72,租住,希腊,无信用卡,0
28,0,2,4,72,15,租住,德国,支票账户,0
24,2700,0,2,24,66,租住,土耳其,无信用卡,0
63,1600,0,2,36,9,自有,德国,无信用卡,0
51,2800,0,1,66,9,缺失,德国,其它信用卡,1
31,3000,2,4,36,168,租住,德国,无信用卡,0
28,2500,0,1,66,18,租住,德国,无信用卡,0
63,2200,0,1,144,999,租住,德国,无信用卡,0
39,2900,2,3,15,144,租住,德国,无信用卡,0
29,1600,1,2,42,60,缺失,德国,支票账户,0
23,2500,1,3,18,6,缺失,德国,无信用卡,1
51,3500,0,2,48,999,租住,德国,无信用卡,1
23,0,0,1,168,27,租住,德国,支票账户,1
52,0,1,3,120,120,租住,德国,支票账户,0
40,0,0,2,192,96,租住,德国,支票账户,0
39,3500,0,1,12,6,租住,德国,无信用卡,0
25,2500,0,1,21,6,租住,德国,无信用卡,1
55,2900,1,2,60,999,自有,德国,无信用卡,0
27,2600,0,1,9,54,租住,德国,无信用卡,0
25,2200,1,3,30,27,租住,土耳其,无信用卡,0
24,2700,0,1,30,27,租住,德国,欧洲Master卡,0
31,0,1,2,3,27,租住,德国,支票账户,0
31,3000,1,3,312,120,租住,土耳其,无信用卡,0
20,0,0,1,192,6,租住,德国,其它信用卡,1
37,1500,2,4,108,9,租住,德国,无信用卡,0
25,5000,0,2,12,27,租住,德国,无信用卡,1
20,1000,0,1,60,27,缺失,德国,无信用卡,1
32,2100,0,2,6,84,租住,德国,无信用卡,0
32,2200,2,4,36,84,缺失,德国,无信用卡,0
53,1800,0,2,9,60,租住,其它非欧洲国家,无信用卡,0
51,0,0,2,54,84,租住,德国,欧洲Master卡,1
26,0,0,1,6,96,租住,德国,欧洲Master卡,1
29,4000,0,2,6,18,租住,德国,无信用卡,1
28,0,2,4,12,39,缺失,德国,支票账户,0
50,0,0,2,3,84,租住,德国,支票账户,1
25,1500,1,2,96,27,租住,德国,无信用卡,0
22,3000,0,1,42,39,租住,德国,无信用卡,1
56,2600,0,1,999,60,租住,德国,无信用卡,0
27,2800,0,1,3,15,租住,德国,无信用卡,0
27,2800,1,3,72,72,租住,德国,无信用卡,1
25,3300,0,1,21,21,租住,德国,无信用卡,1
25,0,0,1,18,42,租住,德国,欧洲Master卡,0
38,0,2,4,192,21,租住,意大利,支票账户,0
54,2200,0,1,192,288,租住,德国,无信用卡,0
50,4000,0,2,96,288,租住,南斯拉夫,支票账户,0
28,2500,3,5,96,120,租住,德国,无信用卡,1
24,0,0,1,36,36,租住,德国,支票账户,0
35,4000,3,5,108,60,租住,德国,无信用卡,0
27,1900,0,1,9,9,缺失,德国,无信用卡,1
53,3500,0,1,84,288,租住,德国,无信用卡,1
40,2500,0,1,120,240,缺失,德国,支票账户,0
39,2800,1,3,60,48,租住,德国,支票账户,1
34,0,2,4,66,192,租住,德国,支票账户,1
29,5000,2,4,24,84,自有,德国,无信用卡,1
26,2100,1,2,3,42,租住,德国,无信用卡,1
55,2500,0,1,3,288,租住,德国,无信用卡,0
37,2500,1,3,144,288,缺失,德国,无信用卡,0
39,2300,0,1,999,288,缺失,德国,无信用卡,0
37,2500,2,3,84,54,缺失,德国,无信用卡,0
28,2200,0,1,6,6,租住,德国,无信用卡,1
26,2900,0,1,42,18,租住,德国,无信用卡,0
59,1800,0,2,288,30,租住,德国,无信用卡,0
45,5000,0,1,9,18,租住,西班牙,无信用卡,0
38,0,0,1,42,42,缺失,德国,支票账户,0
35,5000,1,3,72,72,缺失,德国,无信用卡,1
32,2200,0,2,72,168,租住,德国,无信用卡,1
31,0,1,3,12,6,租住,土耳其,欧洲Master卡,0
29,2700,0,1,60,60,租住,德国,无信用卡,0
28,0,0,1,30,60,租住,德国,它行Visa卡,0
41,4000,0,1,3,6,租住,德国,无信用卡,0
30,3200,2,4,42,36,租住,德国,无信用卡,1
28,3300,0,1,30,39,租住,德国,无信用卡,1
47,0,1,3,36,288,租住,德国,支票账户,0
43,2600,2,4,216,288,租住,德国,无信用卡,0
39,0,0,2,6,54,租住,其它非欧洲国家,支票账户,0
49,1800,1,3,264,96,租住,南斯拉夫,无信用卡,0
26,3000,1,3,18,18,租住,德国,无信用卡,0
37,2400,0,1,84,21,缺失,德国,无信用卡,0
29,2800,2,4,144,168,租住,土耳其,无信用卡,0
24,2400,3,5,36,12,租住,其它非欧洲国家,无信用卡,0
53,2100,0,2,54,54,租住,德国,无信用卡,0
37,2100,0,1,6,36,租住,德国,无信用卡,0
22,1700,1,3,240,39,租住,土耳其,无信用卡,0
64,1500,0,1,240,42,租住,德国,无信用卡,1
46,3000,2,4,240,288,租住,土耳其,无信用卡,0
44,10000,2,4,42,168,自有,德国,无信用卡,0
39,4000,2,4,192,30,租住,德国,无信用卡,1
37,3500,1,3,15,30,缺失,德国,无信用卡,0
22,2400,0,1,30,72,缺失,德国,支票账户,0
30,2100,1,2,3,72,租住,德国,无信用卡,0
21,1500,0,1,84,39,缺失,德国,无信用卡,1
59,1500,0,2,168,144,缺失,德国,无信用卡,0
50,3000,3,5,9,192,租住,土耳其,无信用卡,0
36,1500,0,1,9,120,租住,德国,无信用卡,1
29,2000,0,1,84,42,租住,德国,无信用卡,1
29,2300,0,1,108,42,租住,德国,无信用卡,1
26,2000,0,1,9,9,租住,德国,无信用卡,1
22,2200,0,1,264,12,缺失,德国,无信用卡,1
47,0,0,2,3,144,租住,德国,支票账户,0
42,3100,2,4,9,45,租住,德国,无信用卡,0
26,0,0,1,60,60,租住,德国,支票账户,1
34,2800,4,6,96,84,租住,德国,无信用卡,0
31,2000,0,1,30,9,租住,意大利,无信用卡,0
29,3500,1,3,12,9,租住,德国,无信用卡,1
41,2200,0,1,96,3,租住,德国,无信用卡,1
30,2300,0,1,18,33,缺失,德国,无信用卡,1
29,0,1,3,108,54,缺失,德国,支票账户,1
20,2000,0,1,18,18,租住,德国,无信用卡,1
56,2500,1,3,336,39,租住,德国,无信用卡,0
28,1900,0,2,30,27,租住,德国,无信用卡,1
34,3200,2,4,48,6,租住,希腊,无信用卡,0
24,2200,0,1,15,96,租住,德国,无信用卡,0
20,2200,0,1,240,54,租住,德国,无信用卡,1
41,3200,2,4,54,48,租住,德国,无信用卡,0
31,0,0,2,60,60,租住,德国,支票账户,0
24,2300,0,1,3,33,租住,德国,无信用卡,0
25,2200,0,2,36,9,租住,土耳其,无信用卡,1
32,2800,2,4,36,24,租住,意大利,支票账户,0
28,5000,3,5,42,27,租住,土耳其,无信用卡,1
23,2000,0,1,108,54,缺失,德国,无信用卡,1
27,2900,0,1,336,84,租住,德国,无信用卡,0
25,0,1,3,42,12,租住,德国,支票账户,1
23,2100,1,2,9,9,租住,德国,无信用卡,1
27,0,0,1,66,144,租住,德国,支票账户,1
25,0,1,3,9,84,租住,土耳其,支票账户,0
31,3400,0,1,999,192,缺失,德国,无信用卡,0
25,2600,0,1,3,27,租住,德国,无信用卡,0
54,3000,2,4,9,60,租住,土耳其,无信用卡,0
48,0,2,4,3,21,租住,德国,支票账户,0
38,3200,2,4,21,3,租住,德国,无信用卡,0
24,2800,2,4,54,39,租住,土耳其,无信用卡,0
32,5000,2,4,15,36,租住,德国,无信用卡,0
65,3000,0,2,999,54,缺失,德国,支票账户,0
49,2400,0,2,192,48,租住,南斯拉夫,无信用卡,0
28,2300,0,2,3,120,租住,德国,支票账户,1
26,2900,0,2,42,108,租住,土耳其,无信用卡,0
41,1500,0,2,96,60,租住,德国,无信用卡,0
27,2700,1,3,48,18,租住,德国,无信用卡,1
23,1800,0,1,21,15,租住,德国,无信用卡,1
31,2500,2,4,54,9,租住,其它非欧洲国家,无信用卡,1
50,2300,1,3,72,33,租住,德国,无信用卡,1
27,3200,1,3,21,6,缺失,德国,无信用卡,1
23,1700,0,2,15,84,租住,土耳其,无信用卡,1
67,1900,0,2,999,66,租住,其它非欧洲国家,无信用卡,0
46,2500,2,4,168,288,租住,希腊,无信用卡,0
47,2000,0,2,15,288,缺失,南斯拉夫,无信用卡,0
26,2100,0,1,18,15,租住,德国,无信用卡,1
53,2800,1,3,3,33,租住,德国,无信用卡,0
51,3000,0,2,168,288,缺失,德国,无信用卡,0
27,1600,2,4,6,12,租住,其它欧洲国家,无信用卡,1
24,2200,0,1,21,60,租住,德国,无信用卡,1
38,3500,1,3,144,66,租住,德国,无信用卡,1
34,1700,0,1,60,12,租住,德国,无信用卡,1
59,2700,0,2,336,336,缺失,德国,无信用卡,0
55,1600,1,3,168,27,租住,土耳其,无信用卡,0
28,2500,1,3,30,54,租住,德国,无信用卡,1
21,0,0,1,36,18,租住,德国,欧洲Master卡,0
31,3300,0,1,48,168,缺失,土耳其,无信用卡,1
24,3000,0,1,54,48,缺失,土耳其,无信用卡,0
60,2200,0,2,192,18,租住,德国,无信用卡,0
24,2300,0,1,24,6,租住,其它非欧洲国家,无信用卡,1
37,0,0,1,0,6,租住,德国,支票账户,0
27,2200,0,1,96,48,租住,德国,无信用卡,1
25,2800,2,4,192,108,租住,土耳其,无信用卡,1
36,2400,2,4,120,54,租住,德国,支票账户,0
29,2400,2,4,3,24,租住,希腊,无信用卡,1
21,2000,0,2,120,9,租住,土耳其,无信用卡,1
56,2400,0,2,288,48,租住,德国,无信用卡,1
45,2400,1,3,24,24,租住,德国,无信用卡,0
37,10000,2,4,54,48,租住,德国,无信用卡,0
31,2200,0,1,36,12,缺失,德国,无信用卡,1
22,1600,0,2,30,72,缺失,德国,无信用卡,1
30,2600,0,1,9,39,租住,德国,无信用卡,0
27,5000,1,2,15,24,租住,德国,无信用卡,1
26,2500,1,3,96,15,租住,德国,无信用卡,1
52,3500,0,2,36,84,缺失,德国,无信用卡,0
41,4000,1,2,0,21,租住,德国,无信用卡,1
35,3400,1,3,54,48,租住,德国,无信用卡,0
30,3000,0,2,9,84,租住,德国,无信用卡,1
28,2200,0,1,54,144,缺失,德国,无信用卡,0
49,3000,0,1,42,39,租住,德国,无信用卡,0
22,0,0,1,144,30,租住,德国,支票账户,0
45,0,2,4,15,15,租住,德国,欧洲Master卡,0
27,2600,0,1,12,15,缺失,德国,无信用卡,1
41,0,0,1,144,6,缺失,德国,支票账户,1
27,2100,2,4,66,6,租住,德国,无信用卡,1
42,2500,3,5,168,60,租住,德国,无信用卡,1
29,2400,0,2,12,39,租住,德国,无信用卡,1
63,1500,0,1,168,216,租住,德国,无信用卡,1
23,2200,1,3,18,36,租住,土耳其,无信用卡,0
24,2300,0,1,3,72,缺失,德国,无信用卡,1
33,2300,0,1,108,6,租住,德国,无信用卡,0
31,2700,1,2,72,6,缺失,德国,支票账户,0
26,2000,0,1,36,6,缺失,德国,无信用卡,1
36,2200,0,1,168,24,缺失,其它欧洲国家,无信用卡,1
26,2800,1,3,24,84,租住,德国,无信用卡,0
35,10000,2,4,168,168,自有,德国,无信用卡,0
27,0,0,1,42,30,租住,德国,支票账户,0
51,1500,0,2,999,336,自有,德国,无信用卡,0
30,2200,0,1,9,27,缺失,德国,无信用卡,1
31,2800,1,3,66,54,租住,土耳其,无信用卡,0
28,3000,1,3,36,144,租住,德国,无信用卡,0
43,2500,1,3,3,192,租住,德国,无信用卡,1
33,0,2,4,108,27,租住,德国,支票账户,1
27,2200,0,1,216,48,租住,德国,无信用卡,1
54,3100,1,3,66,336,自有,意大利,支票账户,0
39,2800,1,3,42,192,租住,德国,无信用卡,0
24,4000,2,4,240,108,租住,德国,无信用卡,1
47,2500,1,3,66,66,租住,德国,无信用卡,0
26,4000,2,4,30,24,缺失,德国,无信用卡,0
24,2000,0,1,9,15,租住,其它欧洲国家,无信用卡,1
56,2400,1,3,999,60,自有,德国,无信用卡,1
27,2400,0,1,42,66,租住,德国,无信用卡,1
26,2000,0,1,9,18,租住,德国,无信用卡,0
23,3000,0,1,264,36,缺失,土耳其,无信用卡,1
41,3300,1,3,144,240,租住,德国,无信用卡,1
28,2400,0,1,96,12,缺失,德国,无信用卡,0
26,1600,0,1,6,39,租住,德国,无信用卡,1
24,1500,0,1,18,36,租住,德国,无信用卡,0
39,0,1,3,60,48,租住,德国,欧洲Master卡,0
56,2000,0,2,30,288,租住,土耳其,无信用卡,1
44,2700,0,1,192,240,租住,德国,无信用卡,0
27,2400,3,5,54,39,租住,土耳其,无信用卡,1
39,3100,2,4,120,120,租住,德国,无信用卡,0
20,0,0,1,240,30,租住,德国,支票账户,0
44,1700,4,6,48,288,缺失,德国,无信用卡,1
24,2500,0,2,15,30,租住,希腊,无信用卡,1
24,4000,2,4,36,21,租住,德国,无信用卡,1
23,2000,0,1,9,66,租住,德国,无信用卡,0
27,0,0,1,24,24,租住,其它非欧洲国家,支票账户,1
43,3300,1,3,30,192,缺失,德国,无信用卡,0
30,2200,0,2,48,48,租住,德国,无信用卡,0
47,4000,1,3,84,336,自有,德国,无信用卡,0
37,1500,0,2,6,45,租住,德国,无信用卡,1
30,2800,0,1,9,96,租住,德国,无信用卡,0
24,2300,0,1,30,54,租住,德国,无信用卡,0
23,2000,0,1,108,72,缺失,德国,无信用卡,0
32,3200,1,3,72,24,租住,德国,无信用卡,0
37,2600,2,4,6,39,租住,德国,无信用卡,1
44,3000,1,2,15,288,租住,其它非欧洲国家,无信用卡,1
20,2300,0,1,9,6,租住,德国,无信用卡,1
26,5000,2,4,15,39,租住,德国,无信用卡,1
32,4000,3,5,96,120,租住,其它欧洲国家,无信用卡,1
41,2000,3,5,6,84,缺失,土耳其,无信用卡,1
31,2200,0,1,9,18,租住,德国,无信用卡,0
28,3300,2,4,36,96,租住,土耳其,无信用卡,0
34,2700,2,4,60,216,租住,德国,无信用卡,0
26,2400,0,1,66,108,缺失,德国,支票账户,0
58,2600,0,1,54,9,租住,德国,无信用卡,0
49,3500,0,2,240,240,租住,德国,无信用卡,0
34,3200,1,3,72,12,自有,德国,无信用卡,0
30,3000,0,2,48,54,租住,德国,无信用卡,0
24,2000,0,1,12,9,租住,德国,无信用卡,1
21,1000,0,1,84,42,缺失,德国,无信用卡,1
31,2500,1,3,36,144,租住,德国,无信用卡,0
67,2800,0,1,168,24,租住,德国,无信用卡,0
23,2300,0,1,144,48,缺失,德国,无信用卡,1
32,3500,0,1,54,45,租住,德国,无信用卡,0
27,2600,0,1,312,18,租住,德国,无信用卡,1
21,1600,0,1,264,30,租住,德国,无信用卡,1
49,3000,1,3,144,336,租住,德国,无信用卡,0
44,2500,1,3,168,144,租住,德国,无信用卡,1
34,0,1,3,312,108,租住,德国,支票账户,1
20,1800,0,1,72,21,缺失,德国,无信用卡,1
37,2500,0,1,9,108,租住,德国,无信用卡,1
39,1500,3,4,15,336,缺失,德国,无信用卡,1
33,2700,1,3,54,54,租住,德国,无信用卡,1
27,2300,1,3,30,60,租住,德国,无信用卡,1
23,2300,0,1,0,33,租住,德国,无信用卡,1
35,1800,0,1,0,216,租住,德国,无信用卡,1
23,3000,1,3,48,21,租住,德国,无信用卡,0
35,2700,2,4,54,27,租住,德国,无信用卡,0
28,3000,0,1,30,66,租住,希腊,无信用卡,0
25,3300,3,5,36,45,租住,德国,无信用卡,1
53,2900,0,2,240,192,租住,南斯拉夫,无信用卡,0
29,0,3,5,72,120,租住,土耳其,支票账户,1
19,0,0,1,54,18,租住,德国,支票账户,0
27,3200,1,3,42,84,自有,德国,无信用卡,0
27,0,0,1,21,6,租住,德国,支票账户,0
52,3000,0,2,84,72,缺失,德国,无信用卡,0
37,2400,0,1,168,96,缺失,德国,无信用卡,0
29,2700,2,4,9,24,缺失,德国,无信用卡,0
36,4000,4,6,120,240,缺失,土耳其,无信用卡,1
36,4000,4,6,120,240,缺失,土耳其,无信用卡,1
25,2800,2,4,66,54,租住,土耳其,无信用卡,0
34,3500,2,4,999,168,租住,德国,无信用卡,0
37,2500,2,4,144,18,租住,德国,无信用卡,1
35,3100,3,5,72,30,租住,其它非欧洲国家,无信用卡,0
30,3500,2,4,18,120,租住,德国,无信用卡,0
30,2500,1,3,999,120,租住,德国,无信用卡,0
44,4000,0,2,18,21,租住,德国,无信用卡,0
28,1500,0,2,6,39,租住,德国,无信用卡,1
26,2800,0,1,18,54,租住,德国,无信用卡,1
37,3000,2,4,9,108,租住,德国,无信用卡,0
21,2500,0,1,30,3,租住,德国,无信用卡,1
20,2000,0,1,144,9,租住,德国,无信用卡,1
49,5000,0,1,168,288,租住,德国,无信用卡,0
38,2400,0,1,15,27,租住,德国,无信用卡,1
48,2200,0,2,9,9,租住,其它非欧洲国家,无信用卡,1
42,2100,2,4,264,192,租住,德国,无信用卡,1
33,3300,0,2,72,54,租住,德国,无信用卡,0
20,2500,0,1,240,39,租住,德国,无信用卡,1
48,0,0,2,168,336,租住,德国,支票账户,0
37,0,0,1,42,27,租住,德国,欧洲Master卡,0
19,0,0,1,3,30,租住,德国,支票账户,1
26,2300,0,1,6,18,租住,德国,无信用卡,1
43,3500,2,4,42,33,缺失,德国,无信用卡,0
38,2500,1,3,96,27,租住,其它非欧洲国家,无信用卡,1
47,5000,1,3,288,144,租住,德国,无信用卡,1
48,3200,0,1,66,39,租住,德国,无信用卡,0
31,2400,2,4,192,168,租住,土耳其,无信用卡,0
24,2400,0,1,168,60,缺失,德国,无信用卡,1
23,2000,0,1,288,39,租住,德国,无信用卡,0
24,1600,0,1,288,6,租住,德国,无信用卡,0
22,2200,0,1,192,84,缺失,德国,其它信用卡,0
46,5000,2,4,192,240,租住,南斯拉夫,无信用卡,0
19,2400,0,1,192,45,租住,德国,无信用卡,1
33,3500,2,4,3,96,租住,土耳其,无信用卡,1
45,2300,2,4,42,54,租住,德国,无信用卡,0
42,0,1,2,60,66,租住,德国,支票账户,0
33,4000,3,5,36,36,租住,德国,无信用卡,0
26,2400,0,1,6,24,租住,德国,无信用卡,1
45,2200,0,2,192,9,租住,德国,无信用卡,1
33,2300,0,1,3,24,租住,德国,无信用卡,1
32,0,1,3,84,36,租住,德国,支票账户,0
27,2800,2,4,24,54,租住,土耳其,无信用卡,1
59,0,0,2,66,15,租住,德国,欧洲Master卡,0
37,0,1,3,6,168,租住,德国,支票账户,0
36,3400,0,1,120,24,租住,德国,无信用卡,1
25,0,1,3,216,48,租住,土耳其,支票账户,0
31,2200,0,1,66,9,租住,德国,支票账户,0
21,2100,0,1,36,48,租住,德国,无信用卡,1
33,2800,0,2,144,84,缺失,德国,无信用卡,0
26,2500,1,3,30,9,租住,德国,无信用卡,0
26,2800,1,3,15,66,租住,德国,无信用卡,1
34,3500,2,3,30,144,租住,德国,无信用卡,0
22,2000,0,1,264,60,缺失,德国,支票账户,0
41,2500,1,3,192,54,租住,德国,无信用卡,0
28,3400,0,2,42,21,租住,西班牙,无信用卡,0
27,2200,0,1,21,66,租住,德国,无信用卡,1
41,5000,1,2,999,60,缺失,德国,其它信用卡,0
21,1000,0,1,15,21,租住,其它非欧洲国家,无信用卡,1
31,3200,1,3,30,39,缺失,德国,支票账户,0
56,2200,0,1,999,999,租住,德国,无信用卡,1
42,1600,0,1,3,96,租住,德国,无信用卡,1
42,1500,0,1,24,27,租住,德国,无信用卡,1
35,3500,2,4,168,192,租住,德国,无信用卡,0
30,0,2,3,3,33,租住,德国,支票账户,1
21,2700,0,1,264,12,租住,德国,无信用卡,1
57,2000,0,2,42,27,缺失,德国,无信用卡,0
29,2600,0,2,21,21,缺失,德国,无信用卡,0
33,3200,3,5,42,30,租住,德国,无信用卡,1
26,2300,0,1,192,6,租住,德国,无信用卡,1
34,2500,0,1,12,30,租住,德国,无信用卡,0
32,2800,0,1,9,24,租住,德国,无信用卡,1
31,2100,0,1,3,12,租住,德国,无信用卡,0
27,2200,0,2,36,36,租住,德国,无信用卡,1
